genes,gene_num,logFC,logCPM,PValue,FDR,log10p,sig,comparison,START,START,STOP,mean_bp_pos
Migut.F00003.v2.0,3,-0.767250942,6.681886515,0.000445791,0.006483445,3.350868323,TRUE,AHQT_SDvsAHQF1x_LD,,22501,29247,25874
Migut.F00004.v2.0,4,-0.829622245,8.080556006,1.08E-05,0.000196239,4.967678187,TRUE,AHQT_LDvsAHQF1x_SD,,38292,39313,38802.5
Migut.F00004.v2.0,4,-0.742311421,8.080556006,0.000214022,0.005678054,3.669541325,TRUE,AHQT_SDvsAHQF1x_SD,,38292,39313,38802.5
Migut.F00015.v2.0,15,-2.006870157,5.621485751,0.001034552,0.007336421,2.985247654,TRUE,AHQT_LDvsAHQF1x_SD,,98926,100114,99520
Migut.F00015.v2.0,15,-1.682052622,5.621485751,0.006673708,0.040635557,2.175632827,TRUE,AHQT_LDvsAHQF1i_SD,,98926,100114,99520
Migut.F00015.v2.0,15,-1.76471996,5.621485751,0.005112515,0.049223887,2.291365396,TRUE,AHQT_SDvsAHQF1x_SD,,98926,100114,99520
Migut.F00016.v2.0,16,1.588494415,4.62765081,5.79E-09,4.20E-07,8.237500872,TRUE,AHQT_LDvsAHQF1x_SD,,99778,102002,100890
Migut.F00016.v2.0,16,1.558608852,4.62765081,3.36E-08,4.22E-06,7.473026178,TRUE,AHQT_LDvsAHQF1i_SD,,99778,102002,100890
Migut.F00017.v2.0,17,1.301597908,4.065954613,0.000912955,0.009785138,3.039550489,TRUE,AHQT_LDvsAHQF1i_SD,,104166,107706,105936
Migut.F00020.v2.0,20,-0.703281134,7.680949037,0.001496276,0.01561552,2.824988176,TRUE,AHQT_SDvsAHQF1x_LD,,123911,127458,125684.5
Migut.F00020.v2.0,20,0.542507373,7.680949037,0.007858412,0.034416637,2.10466521,TRUE,AHQT_LDvsAHQF1x_SD,,123911,127458,125684.5
Migut.F00026.v2.0,26,-0.906224061,6.906771011,0.000279496,0.002659204,3.55362459,TRUE,AHQT_LDvsAHQF1x_SD,,140511,144328,142419.5
Migut.F00035.v2.0,35,0.688539881,4.264447677,0.00100713,0.010382575,2.99691464,TRUE,AHQT_LDvsAHQF1i_SD,,186275,189475,187875
Migut.F00035.v2.0,35,0.615708793,4.264447677,0.001632285,0.010459836,2.787204083,TRUE,AHQT_LDvsAHQF1x_SD,,186275,189475,187875
Migut.F00041.v2.0,41,4.071819163,4.489582518,3.03E-06,0.000138672,5.518561846,TRUE,AHQT_LDvsAHQF1i_SD,,207235,208379,207807
Migut.F00041.v2.0,41,2.596984723,4.489582518,0.001931459,0.011774694,2.714114531,TRUE,AHQT_LDvsAHQF1x_SD,,207235,208379,207807
Migut.F00043.v2.0,43,-0.737058781,5.264710536,9.51E-05,0.001117756,4.021623282,TRUE,AHQT_LDvsAHQF1x_SD,,210893,214978,212935.5
Migut.F00044.v2.0,44,1.730224124,5.669930693,6.19E-05,0.002392273,4.208091501,TRUE,AHQT_SDvsAHQF1x_SD,,217061,219252,218156.5
Migut.F00045.v2.0,45,-1.621052592,4.803703293,1.60E-05,0.000546424,4.797063353,TRUE,AHQT_SDvsAHQF1x_LD,,219774,222680,221227
Migut.F00045.v2.0,45,-1.14257527,4.803703293,0.001920379,0.025439092,2.716613089,TRUE,AHQT_SDvsAHQF1x_SD,,219774,222680,221227
Migut.F00052.v2.0,52,-0.940667054,3.990117473,0.002134869,0.012749802,2.67062876,TRUE,AHQT_LDvsAHQF1x_SD,,288054,289488,288771
Migut.F00053.v2.0,53,2.29051924,3.558015582,0.000117592,0.002341406,3.929623765,TRUE,AHQT_SDvsAHQF1x_LD,,291017,291819,291418
Migut.F00053.v2.0,53,-2.367153681,3.558015582,0.00014163,0.002425036,3.848844865,TRUE,AHQT_LDvsAHQF1i_SD,,291017,291819,291418
Migut.F00053.v2.0,53,-1.737025868,3.558015582,0.000694391,0.005378591,3.158395732,TRUE,AHQT_LDvsAHQF1x_SD,,291017,291819,291418
Migut.F00053.v2.0,53,2.043229604,3.558015582,0.001094005,0.029853095,2.960980867,TRUE,AHQT_SDvsAHQF1i_LD,,291017,291819,291418
Migut.F00058.v2.0,58,-1.360310046,7.053039823,0.000583265,0.00470848,3.234134442,TRUE,AHQT_LDvsAHQF1x_SD,,326512,329533,328022.5
Migut.F00058.v2.0,58,-2.471402785,7.053039823,8.20E-09,2.41E-06,8.086164104,TRUE,AHQT_SDvsAHQF1x_SD,,326512,329533,328022.5
Migut.F00060.v2.0,60,-0.775788364,6.028407161,0.001654685,0.023288058,2.78128459,TRUE,AHQT_SDvsAHQF1x_SD,,331941,334044,332992.5
Migut.F00061.v2.0,61,0.8570304,5.809300466,0.000152905,0.002906691,3.815579623,TRUE,AHQT_SDvsAHQF1x_LD,,334236,336974,335605
Migut.F00062.v2.0,62,2.485529176,4.7502843,6.30E-08,3.12E-06,7.200404381,TRUE,AHQT_LDvsAHQF1x_SD,,343192,345115,344153.5
Migut.F00062.v2.0,62,2.402853267,4.7502843,2.24E-07,1.88E-05,6.649313242,TRUE,AHQT_LDvsAHQF1i_SD,,343192,345115,344153.5
Migut.F00062.v2.0,62,-2.413759101,4.7502843,5.74E-05,0.004583275,4.240880973,TRUE,AHQT_SDvsAHQF1i_LD,,343192,345115,344153.5
Migut.F00062.v2.0,62,-1.804577738,4.7502843,0.000293625,0.004733778,3.532207517,TRUE,AHQT_SDvsAHQF1x_LD,,343192,345115,344153.5
Migut.F00065.v2.0,65,0.681340861,7.153580523,0.002774418,0.021711959,2.556828054,TRUE,AHQT_LDvsAHQF1i_SD,,351724,354615,353169.5
Migut.F00065.v2.0,65,0.571340941,7.153580523,0.011473952,0.045673519,1.940286957,TRUE,AHQT_LDvsAHQF1x_SD,,351724,354615,353169.5
Migut.F00073.v2.0,73,-1.579812038,4.738683824,0.000744978,0.009528809,3.127856637,TRUE,AHQT_SDvsAHQF1x_LD,,383067,386684,384875.5
Migut.F00073.v2.0,73,-1.672206439,4.738683824,0.000239614,0.006203625,3.620487868,TRUE,AHQT_SDvsAHQF1x_SD,,383067,386684,384875.5
Migut.F00082.v2.0,82,-1.077278766,4.549056882,0.000714901,0.008179853,3.145754266,TRUE,AHQT_LDvsAHQF1i_SD,,415720,417832,416776
Migut.F00082.v2.0,82,-0.929462825,4.549056882,0.001670348,0.010624518,2.777193059,TRUE,AHQT_LDvsAHQF1x_SD,,415720,417832,416776
Migut.F00083.v2.0,83,1.655929231,6.46648285,7.08E-12,4.02E-09,11.14989021,TRUE,AHQT_LDvsAHQF1i_SD,,417940,420101,419020.5
Migut.F00083.v2.0,83,-1.220544791,6.46648285,4.67E-05,0.004102084,4.330430351,TRUE,AHQT_SDvsAHQF1i_LD,,417940,420101,419020.5
Migut.F00083.v2.0,83,0.637565406,6.46648285,0.008875847,0.037776137,2.051790191,TRUE,AHQT_LDvsAHQF1x_SD,,417940,420101,419020.5
Migut.F00085.v2.0,85,0.673280537,5.989811635,0.001310351,0.014274022,2.882612506,TRUE,AHQT_SDvsAHQF1x_LD,,431366,432692,432029
Migut.F00086.v2.0,86,-0.765360382,4.816602445,0.003291589,0.017698704,2.482594426,TRUE,AHQT_LDvsAHQF1x_SD,,433109,434694,433901.5
Migut.F00088.v2.0,88,-0.558712982,5.817576614,0.005783957,0.027166975,2.237774942,TRUE,AHQT_LDvsAHQF1x_SD,,441046,443194,442120
Migut.F00088.v2.0,88,0.571425577,5.817576614,0.003542362,0.028436064,2.45070712,TRUE,AHQT_SDvsAHQF1x_LD,,441046,443194,442120
Migut.F00095.v2.0,95,1.692273041,8.697190365,2.52E-05,0.000679589,4.598713123,TRUE,AHQT_LDvsAHQF1i_SD,,466811,470283,468547
Migut.F00095.v2.0,95,1.21519228,8.697190365,0.002325965,0.013651208,2.633396844,TRUE,AHQT_LDvsAHQF1x_SD,,466811,470283,468547
Migut.F00100.v2.0,100,-0.493358509,6.761651423,0.011924835,0.046949091,1.923547611,TRUE,AHQT_LDvsAHQF1x_SD,,482646,484958,483802
Migut.F00102.v2.0,102,-0.520438672,5.944778098,0.005537962,0.026228591,2.256650036,TRUE,AHQT_LDvsAHQF1x_SD,,498677,501892,500284.5
Migut.F00106.v2.0,106,-1.017048531,9.596982388,1.55E-05,0.000258499,4.810455056,TRUE,AHQT_LDvsAHQF1x_SD,,518970,520754,519862
Migut.F00106.v2.0,106,-0.717626992,9.596982388,0.002190028,0.018196101,2.659550376,TRUE,AHQT_LDvsAHQF1i_SD,,518970,520754,519862
Migut.F00106.v2.0,106,-0.688963404,9.596982388,0.005129566,0.049338867,2.289919348,TRUE,AHQT_SDvsAHQF1x_SD,,518970,520754,519862
Migut.F00109.v2.0,109,-1.14255318,4.941970777,2.59E-07,9.68E-06,6.587145223,TRUE,AHQT_LDvsAHQF1x_SD,,526569,532719,529644
Migut.F00109.v2.0,109,-1.268852051,4.941970777,1.40E-07,1.33E-05,6.852375438,TRUE,AHQT_LDvsAHQF1i_SD,,526569,532719,529644
Migut.F00109.v2.0,109,-0.979933779,4.941970777,0.000127707,0.017618038,3.893786647,TRUE,AHQT_SDvsAHQF1i_SD,,526569,532719,529644
Migut.F00109.v2.0,109,-0.85314115,4.941970777,0.000288617,0.007128311,3.539678832,TRUE,AHQT_SDvsAHQF1x_SD,,526569,532719,529644
Migut.F00110.v2.0,110,1.316947114,5.921016332,0.000708927,0.013345246,3.149398298,TRUE,AHQT_SDvsAHQF1x_SD,,533045,535265,534155
Migut.F00115.v2.0,115,1.158534057,5.691846238,0.001626779,0.016435517,2.788671572,TRUE,AHQT_SDvsAHQF1x_LD,,550918,556706,553812
Migut.F00127.v2.0,127,-1.800353831,4.710144664,1.03E-08,1.63E-06,7.987634566,TRUE,AHQT_SDvsAHQF1x_LD,,593443,596979,595211
Migut.F00127.v2.0,127,-1.316460343,4.710144664,1.34E-06,3.78E-05,5.874402615,TRUE,AHQT_LDvsAHQF1x_SD,,593443,596979,595211
Migut.F00127.v2.0,127,-1.045026667,4.710144664,0.000908604,0.01592126,3.041625425,TRUE,AHQT_SDvsAHQF1x_SD,,593443,596979,595211
Migut.F00128.v2.0,128,0.638249424,4.537298193,0.005358208,0.025615946,2.270980459,TRUE,AHQT_LDvsAHQF1x_SD,,597247,601594,599420.5
Migut.F00132.v2.0,132,-0.764133919,6.097005256,0.000134904,0.002605539,3.869974653,TRUE,AHQT_SDvsAHQF1x_LD,,610958,612992,611975
Migut.F00135.v2.0,135,-1.323329908,7.88376916,0.000184087,0.010043667,3.734976653,TRUE,AHQT_SDvsAHQF1i_LD,,619927,623095,621511
Migut.F00135.v2.0,135,-1.001872326,7.88376916,0.00102227,0.011951651,2.990434277,TRUE,AHQT_SDvsAHQF1x_LD,,619927,623095,621511
Migut.F00144.v2.0,144,3.285247498,7.250011296,9.24E-11,1.12E-08,10.03412228,TRUE,AHQT_LDvsAHQF1x_SD,,662000,664725,663362.5
Migut.F00144.v2.0,144,2.911610821,7.250011296,6.62E-09,1.23E-06,8.179264869,TRUE,AHQT_LDvsAHQF1i_SD,,662000,664725,663362.5
Migut.F00144.v2.0,144,-2.75052883,7.250011296,2.94E-05,0.003190487,4.531595228,TRUE,AHQT_SDvsAHQF1i_LD,,662000,664725,663362.5
Migut.F00151.v2.0,151,-1.15482819,6.035683189,1.88E-05,0.000299784,4.726279069,TRUE,AHQT_LDvsAHQF1x_SD,,678291,679324,678807.5
Migut.F00151.v2.0,151,-1.023327309,6.035683189,0.000443111,0.005707134,3.353487702,TRUE,AHQT_LDvsAHQF1i_SD,,678291,679324,678807.5
Migut.F00152.v2.0,152,1.877784737,5.995346173,7.21E-06,0.000148485,5.141986979,TRUE,AHQT_LDvsAHQF1x_SD,,680889,684274,682581.5
Migut.F00152.v2.0,152,-1.418862421,5.995346173,0.001985843,0.018953304,2.702055154,TRUE,AHQT_SDvsAHQF1x_LD,,680889,684274,682581.5
Migut.F00152.v2.0,152,-1.835503995,5.995346173,0.000679719,0.022250997,3.167670731,TRUE,AHQT_SDvsAHQF1i_LD,,680889,684274,682581.5
Migut.F00153.v2.0,153,-1.275755749,6.684126982,0.004482804,0.022547102,2.34845028,TRUE,AHQT_LDvsAHQF1x_SD,,692392,694398,693395
Migut.F00153.v2.0,153,-1.653162937,6.684126982,0.000511041,0.01104054,3.291544395,TRUE,AHQT_SDvsAHQF1x_SD,,692392,694398,693395
Migut.F00157.v2.0,157,0.677399694,5.497733303,0.002994483,0.025388298,2.523678218,TRUE,AHQT_SDvsAHQF1x_LD,,707561,711316,709438.5
Migut.F00161.v2.0,161,-0.952093704,5.205198396,4.32E-05,0.001152093,4.364646162,TRUE,AHQT_SDvsAHQF1x_LD,,721255,728279,724767
Migut.F00167.v2.0,167,2.085757643,5.713559322,2.22E-07,2.04E-05,6.65369511,TRUE,AHQT_SDvsAHQF1x_LD,,749930,752170,751050
Migut.F00167.v2.0,167,1.661189668,5.713559322,5.72E-06,0.000122427,5.242788745,TRUE,AHQT_LDvsAHQF1x_SD,,749930,752170,751050
Migut.F00167.v2.0,167,1.34856196,5.713559322,0.000294366,0.004131819,3.531112508,TRUE,AHQT_LDvsAHQF1i_SD,,749930,752170,751050
Migut.F00167.v2.0,167,1.686374773,5.713559322,2.09E-05,0.001069811,4.679073261,TRUE,AHQT_SDvsAHQF1x_SD,,749930,752170,751050
Migut.F00168.v2.0,168,1.152482313,6.982792332,2.14E-06,0.00053465,5.669769483,TRUE,AHQT_SDvsAHQF1i_LD,,754125,758539,756332
Migut.F00168.v2.0,168,-0.667831546,6.982792332,0.001529752,0.009954724,2.815379104,TRUE,AHQT_LDvsAHQF1x_SD,,754125,758539,756332
Migut.F00168.v2.0,168,-0.631039403,6.982792332,0.00417748,0.029308501,2.379085637,TRUE,AHQT_LDvsAHQF1i_SD,,754125,758539,756332
Migut.F00169.v2.0,169,0.673563355,5.97249788,0.000889304,0.015728951,3.050949827,TRUE,AHQT_SDvsAHQF1x_SD,,758540,760511,759525.5
Migut.F00171.v2.0,171,1.844274156,3.967635629,0.002093765,0.012558689,2.679072037,TRUE,AHQT_LDvsAHQF1x_SD,,764122,767850,765986
Migut.F00171.v2.0,171,1.820869684,3.967635629,0.002991616,0.025386673,2.524094179,TRUE,AHQT_SDvsAHQF1x_LD,,764122,767850,765986
Migut.F00171.v2.0,171,2.164513612,3.967635629,0.000491632,0.010717131,3.30835998,TRUE,AHQT_SDvsAHQF1x_SD,,764122,767850,765986
Migut.F00190.v2.0,190,0.914145614,5.447836352,0.000341698,0.003095481,3.466356932,TRUE,AHQT_LDvsAHQF1x_SD,,891210,895865,893537.5
Migut.F00190.v2.0,190,0.865997143,5.447836352,0.000951301,0.01002648,3.021681967,TRUE,AHQT_LDvsAHQF1i_SD,,891210,895865,893537.5
Migut.F00190.v2.0,190,-0.818023429,5.447836352,0.00423451,0.032072679,2.373196815,TRUE,AHQT_SDvsAHQF1x_LD,,891210,895865,893537.5
Migut.F00197.v2.0,197,-2.040528872,6.478005371,2.84E-11,4.03E-09,10.54654808,TRUE,AHQT_LDvsAHQF1x_SD,,913798,915638,914718
Migut.F00197.v2.0,197,-1.462084205,6.478005371,4.68E-06,0.000202585,5.329930711,TRUE,AHQT_SDvsAHQF1x_LD,,913798,915638,914718
Migut.F00197.v2.0,197,-1.597273912,6.478005371,6.01E-07,8.17E-05,6.22126161,TRUE,AHQT_SDvsAHQF1x_SD,,913798,915638,914718
Migut.F00200.v2.0,200,-1.029413978,5.44022452,1.39E-05,0.000235627,4.85826798,TRUE,AHQT_LDvsAHQF1x_SD,,926441,931526,928983.5
Migut.F00200.v2.0,200,-0.96765821,5.44022452,7.26E-05,0.00146937,4.139192786,TRUE,AHQT_LDvsAHQF1i_SD,,926441,931526,928983.5
Migut.F00200.v2.0,200,-1.028407643,5.44022452,6.00E-05,0.002336826,4.221764133,TRUE,AHQT_SDvsAHQF1x_SD,,926441,931526,928983.5
Migut.F00200.v2.0,200,-0.966803977,5.44022452,0.000241722,0.026196612,3.616684358,TRUE,AHQT_SDvsAHQF1i_SD,,926441,931526,928983.5
Migut.F00203.v2.0,203,-2.248395756,4.468448596,8.98E-05,0.001949733,4.046507077,TRUE,AHQT_SDvsAHQF1x_LD,,942647,945357,944002
Migut.F00203.v2.0,203,-1.909792292,4.468448596,0.000367427,0.008675403,3.434829264,TRUE,AHQT_SDvsAHQF1x_SD,,942647,945357,944002
Migut.F00207.v2.0,207,1.862445059,5.477850747,2.37E-06,0.000116066,5.625670567,TRUE,AHQT_LDvsAHQF1i_SD,,958528,962044,960286
Migut.F00207.v2.0,207,1.47016138,5.477850747,0.000168623,0.001766149,3.773083922,TRUE,AHQT_LDvsAHQF1x_SD,,958528,962044,960286
Migut.F00217.v2.0,217,1.088926918,5.987426198,0.006395026,0.039310483,2.194157668,TRUE,AHQT_LDvsAHQF1i_SD,,1011969,1016402,1014185.5
Migut.F00223.v2.0,223,1.358051394,6.828551722,0.000309012,0.0043061,3.51002492,TRUE,AHQT_LDvsAHQF1i_SD,,1041728,1044928,1043328
Migut.F00223.v2.0,223,1.309039633,6.828551722,0.001627209,0.016435517,2.788556571,TRUE,AHQT_SDvsAHQF1x_LD,,1041728,1044928,1043328
Migut.F00228.v2.0,228,-0.903439441,6.668005743,0.002264697,0.013351757,2.644989898,TRUE,AHQT_LDvsAHQF1x_SD,,1079773,1090510,1085141.5
Migut.F00237.v2.0,237,-0.603377667,8.21967264,0.001452283,0.015310804,2.837948748,TRUE,AHQT_SDvsAHQF1x_LD,,1120820,1126164,1123492
Migut.F00241.v2.0,241,-0.728100661,7.632080895,0.00628355,0.042216432,2.201794893,TRUE,AHQT_SDvsAHQF1x_LD,,1135617,1138330,1136973.5
Migut.F00254.v2.0,254,-1.681661489,4.962882674,3.72E-06,0.000169819,5.429247883,TRUE,AHQT_SDvsAHQF1x_LD,,1210871,1212063,1211467
Migut.F00254.v2.0,254,-1.044154186,4.962882674,0.00269731,0.015349396,2.569069106,TRUE,AHQT_LDvsAHQF1x_SD,,1210871,1212063,1211467
Migut.F00254.v2.0,254,-1.676749174,4.962882674,5.41E-06,0.000411399,5.266775321,TRUE,AHQT_SDvsAHQF1x_SD,,1210871,1212063,1211467
Migut.F00263.v2.0,263,0.611921376,6.752970889,0.001582077,0.014426925,2.800772486,TRUE,AHQT_LDvsAHQF1i_SD,,1258546,1263469,1261007.5
Migut.F00263.v2.0,263,-0.615046467,6.752970889,0.00227041,0.020904621,2.643895782,TRUE,AHQT_SDvsAHQF1x_LD,,1258546,1263469,1261007.5
Migut.F00263.v2.0,263,-0.655797242,6.752970889,0.000887478,0.015728951,3.051842219,TRUE,AHQT_SDvsAHQF1x_SD,,1258546,1263469,1261007.5
Migut.F00274.v2.0,274,1.770599224,6.584252248,3.55E-17,2.14E-14,16.45017656,TRUE,AHQT_LDvsAHQF1x_SD,,1305164,1306588,1305876
Migut.F00274.v2.0,274,1.622386334,6.584252248,3.87E-14,3.12E-11,13.41173165,TRUE,AHQT_LDvsAHQF1i_SD,,1305164,1306588,1305876
Migut.F00274.v2.0,274,-0.894510301,6.584252248,0.000479802,0.018971401,3.318938124,TRUE,AHQT_SDvsAHQF1i_LD,,1305164,1306588,1305876
Migut.F00275.v2.0,275,-0.742610883,5.96849133,0.000355205,0.004804222,3.449520912,TRUE,AHQT_LDvsAHQF1i_SD,,1307202,1310998,1309100
Migut.F00275.v2.0,275,-0.668467824,5.96849133,0.001210112,0.008252864,2.917174303,TRUE,AHQT_LDvsAHQF1x_SD,,1307202,1310998,1309100
Migut.F00283.v2.0,283,-1.395332804,6.659290052,1.78E-05,0.000287811,4.750425697,TRUE,AHQT_LDvsAHQF1x_SD,,1347353,1348111,1347732
Migut.F00283.v2.0,283,-0.974519576,6.659290052,0.004389321,0.044605562,2.357602685,TRUE,AHQT_SDvsAHQF1x_SD,,1347353,1348111,1347732
Migut.F00284.v2.0,284,-1.306687613,6.725136785,0.001898446,0.01651648,2.721601758,TRUE,AHQT_LDvsAHQF1i_SD,,1354830,1355664,1355247
Migut.F00295.v2.0,295,0.669803953,4.849488898,0.004337492,0.032647824,2.362761341,TRUE,AHQT_SDvsAHQF1x_LD,,1403526,1404368,1403947
Migut.F00296.v2.0,296,-0.74973754,5.637441217,0.000436024,0.003736189,3.360489472,TRUE,AHQT_LDvsAHQF1x_SD,,1404960,1407303,1406131.5
Migut.F00296.v2.0,296,0.785110089,5.637441217,0.000858326,0.026065564,3.066347984,TRUE,AHQT_SDvsAHQF1i_LD,,1404960,1407303,1406131.5
Migut.F00296.v2.0,296,-0.559798285,5.637441217,0.008397163,0.047529844,2.075867439,TRUE,AHQT_LDvsAHQF1i_SD,,1404960,1407303,1406131.5
Migut.F00307.v2.0,307,-0.77541886,6.28950359,3.01E-05,0.000883504,4.521437681,TRUE,AHQT_SDvsAHQF1x_LD,,1442383,1446445,1444414
Migut.F00307.v2.0,307,0.44010554,6.28950359,0.008390992,0.036174916,2.076186678,TRUE,AHQT_LDvsAHQF1x_SD,,1442383,1446445,1444414
Migut.F00310.v2.0,310,0.953692335,4.670524735,0.00149923,0.009795711,2.824131842,TRUE,AHQT_LDvsAHQF1x_SD,,1459087,1461060,1460073.5
Migut.F00310.v2.0,310,0.997092599,4.670524735,0.00135157,0.012894305,2.869161415,TRUE,AHQT_LDvsAHQF1i_SD,,1459087,1461060,1460073.5
Migut.F00310.v2.0,310,-0.968763473,4.670524735,0.002519088,0.022441727,2.598756667,TRUE,AHQT_SDvsAHQF1x_LD,,1459087,1461060,1460073.5
Migut.F00311.v2.0,311,-1.238856884,5.554102333,6.14E-08,6.89E-06,7.212115329,TRUE,AHQT_SDvsAHQF1x_LD,,1474317,1477001,1475659
Migut.F00311.v2.0,311,0.761265558,5.554102333,0.000170687,0.001781976,3.767798539,TRUE,AHQT_LDvsAHQF1x_SD,,1474317,1477001,1475659
Migut.F00311.v2.0,311,-0.970373849,5.554102333,0.000119453,0.007347523,3.922801649,TRUE,AHQT_SDvsAHQF1i_LD,,1474317,1477001,1475659
Migut.F00318.v2.0,318,2.444075173,5.147491621,7.10E-05,0.000886389,4.148476676,TRUE,AHQT_LDvsAHQF1x_SD,,1495283,1497174,1496228.5
Migut.F00318.v2.0,318,2.454451614,5.147491621,6.95E-05,0.001417998,4.158305537,TRUE,AHQT_LDvsAHQF1i_SD,,1495283,1497174,1496228.5
Migut.F00323.v2.0,323,-0.842904124,4.965946697,0.00019509,0.003456858,3.709764148,TRUE,AHQT_SDvsAHQF1x_LD,,1515216,1518591,1516903.5
Migut.F00326.v2.0,326,-0.982805201,4.684452811,0.000950472,0.006906478,3.022060589,TRUE,AHQT_LDvsAHQF1x_SD,,1530032,1535114,1532573
Migut.F00333.v2.0,333,0.841441617,5.23015204,0.002009375,0.012120257,2.696939064,TRUE,AHQT_LDvsAHQF1x_SD,,1575089,1576504,1575796.5
Migut.F00333.v2.0,333,-0.964957118,5.23015204,0.001223993,0.013477877,2.912221155,TRUE,AHQT_SDvsAHQF1x_LD,,1575089,1576504,1575796.5
Migut.F00334.v2.0,334,-1.192870234,7.927178801,0.004502265,0.0309675,2.346568979,TRUE,AHQT_LDvsAHQF1i_SD,,1578091,1581295,1579693
Migut.F00338.v2.0,338,-0.938124884,5.82039911,0.000923373,0.006756719,3.034622782,TRUE,AHQT_LDvsAHQF1x_SD,,1587884,1588545,1588214.5
Migut.F00338.v2.0,338,-1.17309602,5.82039911,0.000113871,0.003686325,3.943587879,TRUE,AHQT_SDvsAHQF1x_SD,,1587884,1588545,1588214.5
Migut.F00342.v2.0,342,-0.963030809,8.102158217,2.62E-06,0.000123607,5.581405916,TRUE,AHQT_LDvsAHQF1i_SD,,1617387,1619471,1618429
Migut.F00342.v2.0,342,0.923150556,8.102158217,2.13E-05,0.000682229,4.672345548,TRUE,AHQT_SDvsAHQF1x_LD,,1617387,1619471,1618429
Migut.F00342.v2.0,342,-0.704056982,8.102158217,0.000411978,0.003561743,3.385126482,TRUE,AHQT_LDvsAHQF1x_SD,,1617387,1619471,1618429
Migut.F00355.v2.0,355,-1.647588698,5.704783297,2.52E-12,5.08E-10,11.59797566,TRUE,AHQT_LDvsAHQF1x_SD,,1663194,1665357,1664275.5
Migut.F00355.v2.0,355,-1.104620039,5.704783297,9.68E-06,0.00031971,5.014215213,TRUE,AHQT_LDvsAHQF1i_SD,,1663194,1665357,1664275.5
Migut.F00355.v2.0,355,0.789002304,5.704783297,0.002475803,0.022174168,2.606283896,TRUE,AHQT_SDvsAHQF1x_LD,,1663194,1665357,1664275.5
Migut.F00355.v2.0,355,-0.931484443,5.704783297,0.000194251,0.005281652,3.711636937,TRUE,AHQT_SDvsAHQF1x_SD,,1663194,1665357,1664275.5
Migut.F00357.v2.0,357,-1.328627726,6.790471508,0.000406533,0.009303059,3.39090401,TRUE,AHQT_SDvsAHQF1x_SD,,1671081,1673112,1672096.5
Migut.F00363.v2.0,363,0.675776759,5.896203124,0.004987582,0.033148714,2.302109929,TRUE,AHQT_LDvsAHQF1i_SD,,1698032,1700700,1699366
Migut.F00373.v2.0,373,0.965994318,5.411019253,1.87E-06,4.95E-05,5.72819939,TRUE,AHQT_LDvsAHQF1x_SD,,1733739,1740189,1736964
Migut.F00373.v2.0,373,0.684345308,5.411019253,0.00158798,0.014453464,2.799154916,TRUE,AHQT_LDvsAHQF1i_SD,,1733739,1740189,1736964
Migut.F00374.v2.0,374,-0.937855892,4.484951259,0.004101227,0.031494517,2.38708622,TRUE,AHQT_SDvsAHQF1x_LD,,1741575,1743616,1742595.5
Migut.F00374.v2.0,374,-0.985268588,4.484951259,0.001401026,0.021206442,2.85355374,TRUE,AHQT_SDvsAHQF1x_SD,,1741575,1743616,1742595.5
Migut.F00376.v2.0,376,1.372761635,5.410824619,6.83E-06,0.000246043,5.165697193,TRUE,AHQT_LDvsAHQF1i_SD,,1747939,1749421,1748680
Migut.F00376.v2.0,376,1.301588508,5.410824619,1.49E-05,0.000250317,4.82668373,TRUE,AHQT_LDvsAHQF1x_SD,,1747939,1749421,1748680
Migut.F00386.v2.0,386,0.720460073,4.53702102,0.002211641,0.018301474,2.655285314,TRUE,AHQT_LDvsAHQF1i_SD,,1796910,1799429,1798169.5
Migut.F00386.v2.0,386,0.638161099,4.53702102,0.004981073,0.024208464,2.302677131,TRUE,AHQT_LDvsAHQF1x_SD,,1796910,1799429,1798169.5
Migut.F00396.v2.0,396,-0.88658876,5.509076292,9.67E-06,0.000182782,5.014487981,TRUE,AHQT_LDvsAHQF1x_SD,,1826868,1829601,1828234.5
Migut.F00396.v2.0,396,-0.662113486,5.509076292,0.001689474,0.02357695,2.772248512,TRUE,AHQT_SDvsAHQF1x_SD,,1826868,1829601,1828234.5
Migut.F00399.v2.0,399,-1.509417669,5.289645358,0.001017492,0.017058896,2.992468826,TRUE,AHQT_SDvsAHQF1x_SD,,1853473,1855312,1854392.5
Migut.F00400.v2.0,400,-0.888815946,4.477846854,0.006273991,0.02886514,2.20245613,TRUE,AHQT_LDvsAHQF1x_SD,,1866441,1867660,1867050.5
Migut.F00401.v2.0,401,-0.893982368,6.793399663,0.000989327,0.007098018,3.004660094,TRUE,AHQT_LDvsAHQF1x_SD,,1867944,1869212,1868578
Migut.F00401.v2.0,401,-0.728077183,6.793399663,0.008731893,0.048826807,2.05889157,TRUE,AHQT_LDvsAHQF1i_SD,,1867944,1869212,1868578
Migut.F00411.v2.0,411,-1.52880549,5.82829959,7.17E-05,0.001458683,4.14418762,TRUE,AHQT_LDvsAHQF1i_SD,,1906544,1909864,1908204
Migut.F00411.v2.0,411,-1.09898093,5.82829959,0.003032615,0.016802046,2.518182684,TRUE,AHQT_LDvsAHQF1x_SD,,1906544,1909864,1908204
Migut.F00421.v2.0,421,-0.702320488,5.175383877,0.003155659,0.026135677,2.50090993,TRUE,AHQT_SDvsAHQF1x_LD,,1961524,1964687,1963105.5
Migut.F00426.v2.0,426,-0.435831433,6.887082311,0.008046466,0.035033687,2.094394842,TRUE,AHQT_LDvsAHQF1x_SD,,1979783,1984102,1981942.5
Migut.F00433.v2.0,433,1.242959224,3.81959207,0.004945711,0.048397291,2.305771283,TRUE,AHQT_SDvsAHQF1x_SD,,2007685,2010729,2009207
Migut.F00434.v2.0,434,0.649197576,7.040428988,0.007836852,0.03435341,2.105858349,TRUE,AHQT_LDvsAHQF1x_SD,,2023938,2026090,2025014
Migut.F00439.v2.0,439,1.753125419,4.428674405,1.33E-05,0.000228968,4.876103636,TRUE,AHQT_LDvsAHQF1x_SD,,2043991,2047254,2045622.5
Migut.F00439.v2.0,439,1.45152333,4.428674405,0.000449057,0.005751389,3.347698111,TRUE,AHQT_LDvsAHQF1i_SD,,2043991,2047254,2045622.5
Migut.F00451.v2.0,451,-1.008788454,5.726104476,4.00E-05,0.000558021,4.398058326,TRUE,AHQT_LDvsAHQF1x_SD,,2085155,2087141,2086148
Migut.F00451.v2.0,451,-1.364616404,5.726104476,3.19E-07,4.80E-05,6.495753531,TRUE,AHQT_SDvsAHQF1x_SD,,2085155,2087141,2086148
Migut.F00452.v2.0,452,1.471212292,5.092528407,8.38E-06,0.000166912,5.076614224,TRUE,AHQT_LDvsAHQF1x_SD,,2087496,2091919,2089707.5
Migut.F00452.v2.0,452,1.090190387,5.092528407,0.001295086,0.012494153,2.887701335,TRUE,AHQT_LDvsAHQF1i_SD,,2087496,2091919,2089707.5
Migut.F00453.v2.0,453,1.370371643,4.795223644,0.000206428,0.003149243,3.685232373,TRUE,AHQT_LDvsAHQF1i_SD,,2091996,2093815,2092905.5
Migut.F00453.v2.0,453,1.125572385,4.795223644,0.001927102,0.01176776,2.715095322,TRUE,AHQT_LDvsAHQF1x_SD,,2091996,2093815,2092905.5
Migut.F00459.v2.0,459,-3.111345802,4.560058704,1.01E-07,4.46E-06,6.996623877,TRUE,AHQT_LDvsAHQF1x_SD,,2113724,2114715,2114219.5
Migut.F00459.v2.0,459,-2.754757817,4.560058704,1.67E-05,0.000490914,4.776640514,TRUE,AHQT_LDvsAHQF1i_SD,,2113724,2114715,2114219.5
Migut.F00459.v2.0,459,-2.990910126,4.560058704,6.72E-07,8.89E-05,6.172842952,TRUE,AHQT_SDvsAHQF1x_SD,,2113724,2114715,2114219.5
Migut.F00459.v2.0,459,-2.635963285,4.560058704,7.25E-05,0.01186936,4.139562918,TRUE,AHQT_SDvsAHQF1i_SD,,2113724,2114715,2114219.5
Migut.F00460.v2.0,460,-2.145852308,4.096103254,0.002295707,0.028754398,2.639083578,TRUE,AHQT_SDvsAHQF1x_SD,,2115363,2116386,2115874.5
Migut.F00467.v2.0,467,-2.011579592,6.155579834,1.30E-05,0.000223778,4.887613335,TRUE,AHQT_LDvsAHQF1x_SD,,2148780,2151667,2150223.5
Migut.F00467.v2.0,467,1.660444962,6.155579834,0.001440368,0.036066066,2.841526592,TRUE,AHQT_SDvsAHQF1i_LD,,2148780,2151667,2150223.5
Migut.F00467.v2.0,467,-1.485143453,6.155579834,0.001672414,0.023406525,2.776656198,TRUE,AHQT_SDvsAHQF1x_SD,,2148780,2151667,2150223.5
Migut.F00468.v2.0,468,1.220088134,5.376286076,7.30E-07,4.64E-05,6.136523658,TRUE,AHQT_LDvsAHQF1i_SD,,2163346,2166541,2164943.5
Migut.F00468.v2.0,468,-1.0099291,5.376286076,0.000203171,0.003573803,3.692139236,TRUE,AHQT_SDvsAHQF1x_LD,,2163346,2166541,2164943.5
Migut.F00468.v2.0,468,0.639508277,5.376286076,0.009175463,0.038777878,2.03737199,TRUE,AHQT_LDvsAHQF1x_SD,,2163346,2166541,2164943.5
Migut.F00470.v2.0,470,-1.523539209,5.315910035,1.19E-07,5.10E-06,6.925107999,TRUE,AHQT_LDvsAHQF1x_SD,,2174810,2177137,2175973.5
Migut.F00470.v2.0,470,-1.384316199,5.315910035,1.65E-05,0.000488639,4.781306404,TRUE,AHQT_LDvsAHQF1i_SD,,2174810,2177137,2175973.5
Migut.F00474.v2.0,474,-0.94207066,6.252317101,0.006540847,0.029822929,2.184365983,TRUE,AHQT_LDvsAHQF1x_SD,,2191130,2194023,2192576.5
Migut.F00486.v2.0,486,-0.944789783,4.825386819,7.42E-05,0.001715338,4.129316287,TRUE,AHQT_SDvsAHQF1x_LD,,2268240,2278662,2273451
Migut.F00486.v2.0,486,-0.775073769,4.825386819,0.001007582,0.010382575,2.996719494,TRUE,AHQT_LDvsAHQF1i_SD,,2268240,2278662,2273451
Migut.F00486.v2.0,486,-0.975282253,4.825386819,0.000145808,0.019027953,3.836218435,TRUE,AHQT_SDvsAHQF1i_SD,,2268240,2278662,2273451
Migut.F00489.v2.0,489,0.955541511,5.691995666,0.002814331,0.0331439,2.550624767,TRUE,AHQT_SDvsAHQF1x_SD,,2299755,2301815,2300785
Migut.F00508.v2.0,508,-2.519370862,6.012212795,7.80E-07,4.86E-05,6.107646863,TRUE,AHQT_LDvsAHQF1i_SD,,2398324,2400261,2399292.5
Migut.F00508.v2.0,508,-1.716213868,6.012212795,0.000556829,0.004533975,3.254278424,TRUE,AHQT_LDvsAHQF1x_SD,,2398324,2400261,2399292.5
Migut.F00509.v2.0,509,-2.894187694,5.500168522,1.02E-05,0.000191203,4.989858037,TRUE,AHQT_LDvsAHQF1x_SD,,2400896,2402725,2401810.5
Migut.F00509.v2.0,509,2.770559656,5.500168522,3.12E-05,0.00327713,4.505560695,TRUE,AHQT_SDvsAHQF1i_LD,,2400896,2402725,2401810.5
Migut.F00509.v2.0,509,-2.329743811,5.500168522,0.000589422,0.012033922,3.229573887,TRUE,AHQT_SDvsAHQF1x_SD,,2400896,2402725,2401810.5
Migut.F00510.v2.0,510,-1.173816456,5.140199163,6.62E-05,0.00136383,4.178908997,TRUE,AHQT_LDvsAHQF1i_SD,,2404051,2407830,2405940.5
Migut.F00510.v2.0,510,-0.724533388,5.140199163,0.011214613,0.044900297,1.950215714,TRUE,AHQT_LDvsAHQF1x_SD,,2404051,2407830,2405940.5
Migut.F00521.v2.0,521,-0.499192714,5.483966015,0.008916396,0.037919162,2.049810657,TRUE,AHQT_LDvsAHQF1x_SD,,2439719,2442633,2441176
Migut.F00525.v2.0,525,-0.961520912,5.526549326,0.000653352,0.005117131,3.18485264,TRUE,AHQT_LDvsAHQF1x_SD,,2464170,2468933,2466551.5
Migut.F00525.v2.0,525,-0.860298727,5.526549326,0.004070591,0.028756177,2.390342574,TRUE,AHQT_LDvsAHQF1i_SD,,2464170,2468933,2466551.5
Migut.F00525.v2.0,525,0.843028496,5.526549326,0.004662559,0.03429271,2.331375698,TRUE,AHQT_SDvsAHQF1x_LD,,2464170,2468933,2466551.5
Migut.F00526.v2.0,526,-2.080761614,4.792453506,4.90E-09,1.03E-06,8.309898107,TRUE,AHQT_LDvsAHQF1i_SD,,2469393,2470343,2469868
Migut.F00526.v2.0,526,-1.607758755,4.792453506,1.07E-06,3.23E-05,5.971359169,TRUE,AHQT_LDvsAHQF1x_SD,,2469393,2470343,2469868
Migut.F00526.v2.0,526,-1.867753776,4.792453506,7.85E-07,0.000451679,6.105067046,TRUE,AHQT_SDvsAHQF1i_SD,,2469393,2470343,2469868
Migut.F00526.v2.0,526,-1.393916422,4.792453506,8.89E-05,0.003100023,4.050997594,TRUE,AHQT_SDvsAHQF1x_SD,,2469393,2470343,2469868
Migut.F00540.v2.0,540,-0.663071542,7.996029743,0.001268585,0.008597002,2.896680349,TRUE,AHQT_LDvsAHQF1x_SD,,2535905,2538337,2537121
Migut.F00541.v2.0,541,-1.216650585,4.354446026,9.25E-07,5.62E-05,6.033828067,TRUE,AHQT_LDvsAHQF1i_SD,,2539255,2541035,2540145
Migut.F00541.v2.0,541,-0.999285582,4.354446026,1.42E-05,0.000240596,4.847679239,TRUE,AHQT_LDvsAHQF1x_SD,,2539255,2541035,2540145
Migut.F00544.v2.0,544,-1.843861686,3.606763963,0.001463075,0.013598569,2.834733488,TRUE,AHQT_LDvsAHQF1i_SD,,2547651,2550667,2549159
Migut.F00545.v2.0,545,0.634551892,5.239368944,0.004828325,0.047724804,2.316203518,TRUE,AHQT_SDvsAHQF1x_SD,,2552002,2555238,2553620
Migut.F00551.v2.0,551,2.470973228,5.851999127,0.000429823,0.00627009,3.366710446,TRUE,AHQT_SDvsAHQF1x_LD,,2573005,2575282,2574143.5
Migut.F00553.v2.0,553,0.781958689,6.477028658,0.00103938,0.012107713,2.983225592,TRUE,AHQT_SDvsAHQF1x_LD,,2578969,2581111,2580040
Migut.F00558.v2.0,558,0.79415206,5.869616146,0.010400267,0.042557363,1.982955517,TRUE,AHQT_LDvsAHQF1x_SD,,2595547,2600693,2598120
Migut.F00567.v2.0,567,-1.39195079,5.2999254,1.35E-06,7.97E-05,5.869184109,TRUE,AHQT_SDvsAHQF1x_LD,,2637993,2648821,2643407
Migut.F00569.v2.0,569,0.57377422,5.275535804,0.007090372,0.031843197,2.149330995,TRUE,AHQT_LDvsAHQF1x_SD,,2650039,2652408,2651223.5
Migut.F00579.v2.0,579,-0.76221227,4.858833686,0.000999555,0.011785959,3.000193414,TRUE,AHQT_SDvsAHQF1x_LD,,2695981,2700571,2698276
Migut.F00579.v2.0,579,-0.737328273,4.858833686,0.00092203,0.016043315,3.03525514,TRUE,AHQT_SDvsAHQF1x_SD,,2695981,2700571,2698276
Migut.F00583.v2.0,583,-1.477900867,5.414542781,8.88E-05,0.001947989,4.051440119,TRUE,AHQT_SDvsAHQF1x_LD,,2716920,2720631,2718775.5
Migut.F00583.v2.0,583,1.115682133,5.414542781,0.001043674,0.007367513,2.981435252,TRUE,AHQT_LDvsAHQF1x_SD,,2716920,2720631,2718775.5
Migut.F00589.v2.0,589,-0.550895555,7.663894654,0.002923392,0.016375401,2.534113016,TRUE,AHQT_LDvsAHQF1x_SD,,2741394,2744746,2743070
Migut.F00589.v2.0,589,-0.639749331,7.663894654,0.001370068,0.020868685,2.863257895,TRUE,AHQT_SDvsAHQF1x_SD,,2741394,2744746,2743070
Migut.F00592.v2.0,592,-0.608565319,7.166716689,0.003065403,0.016961425,2.513512396,TRUE,AHQT_LDvsAHQF1x_SD,,2760500,2762463,2761481.5
Migut.F00597.v2.0,597,-2.371411468,8.970400425,3.72E-11,5.13E-09,10.42959144,TRUE,AHQT_LDvsAHQF1x_SD,,2775101,2780087,2777594
Migut.F00597.v2.0,597,-1.570517942,8.970400425,6.34E-06,0.000232908,5.19770124,TRUE,AHQT_LDvsAHQF1i_SD,,2775101,2780087,2777594
Migut.F00597.v2.0,597,1.100530995,8.970400425,0.002053503,0.019422796,2.687504746,TRUE,AHQT_SDvsAHQF1x_LD,,2775101,2780087,2777594
Migut.F00597.v2.0,597,1.231681907,8.970400425,0.001458665,0.036398768,2.83604458,TRUE,AHQT_SDvsAHQF1i_LD,,2775101,2780087,2777594
Migut.F00597.v2.0,597,-1.160598712,8.970400425,0.001255787,0.019655008,2.901083852,TRUE,AHQT_SDvsAHQF1x_SD,,2775101,2780087,2777594
Migut.F00598.v2.0,598,0.799826185,5.958721149,0.00041025,0.006101968,3.3869512,TRUE,AHQT_SDvsAHQF1x_LD,,2780227,2782601,2781414
Migut.F00612.v2.0,612,-0.984255862,4.287606001,0.005986777,0.027875752,2.222806894,TRUE,AHQT_LDvsAHQF1x_SD,,2857216,2859855,2858535.5
Migut.F00614.v2.0,614,-0.594470775,5.861818674,0.002872333,0.016117443,2.541765207,TRUE,AHQT_LDvsAHQF1x_SD,,2868704,2869972,2869338
Migut.F00620.v2.0,620,-0.868033971,5.723577538,0.000549215,0.011529935,3.260257535,TRUE,AHQT_SDvsAHQF1x_SD,,2882362,2886118,2884240
Migut.F00630.v2.0,630,0.794704039,5.222784411,0.000212929,0.003216327,3.671765976,TRUE,AHQT_LDvsAHQF1i_SD,,2921046,2927164,2924105
Migut.F00642.v2.0,642,1.17466707,4.481143861,0.004170003,0.029287066,2.379863665,TRUE,AHQT_LDvsAHQF1i_SD,,2984099,2986353,2985226
Migut.F00656.v2.0,656,-0.489533341,4.695633135,0.012387434,0.048236067,1.907018662,TRUE,AHQT_LDvsAHQF1x_SD,,3053294,3056978,3055136
Migut.F00674.v2.0,674,-0.505815736,5.96428111,0.004746184,0.0320882,2.323655384,TRUE,AHQT_LDvsAHQF1i_SD,,3148925,3151035,3149980
Migut.F00674.v2.0,674,-0.435019387,5.96428111,0.007517591,0.033347438,2.12392133,TRUE,AHQT_LDvsAHQF1x_SD,,3148925,3151035,3149980
Migut.F00677.v2.0,677,-1.074475728,5.155985555,0.004678339,0.023228133,2.329908313,TRUE,AHQT_LDvsAHQF1x_SD,,3167323,3171767,3169545
Migut.F00677.v2.0,677,-1.167517715,5.155985555,0.004669394,0.034316851,2.330739436,TRUE,AHQT_SDvsAHQF1x_LD,,3167323,3171767,3169545
Migut.F00677.v2.0,677,-1.311591507,5.155985555,0.001122573,0.018405235,2.949785579,TRUE,AHQT_SDvsAHQF1x_SD,,3167323,3171767,3169545
Migut.F00688.v2.0,688,0.752117091,7.701019456,0.001548686,0.010048062,2.81003663,TRUE,AHQT_LDvsAHQF1x_SD,,3235750,3239881,3237815.5
Migut.F00689.v2.0,689,-5.97039898,4.723652983,1.54E-07,6.29E-06,6.813184949,TRUE,AHQT_LDvsAHQF1x_SD,,3247822,3249297,3248559.5
Migut.F00689.v2.0,689,4.686267458,4.723652983,1.41E-05,0.001767095,4.851091487,TRUE,AHQT_SDvsAHQF1i_LD,,3247822,3249297,3248559.5
Migut.F00689.v2.0,689,-3.638093705,4.723652983,0.000954838,0.010033591,3.020070324,TRUE,AHQT_LDvsAHQF1i_SD,,3247822,3249297,3248559.5
Migut.F00689.v2.0,689,-3.491729825,4.723652983,0.0009016,0.015830462,3.044985961,TRUE,AHQT_SDvsAHQF1x_SD,,3247822,3249297,3248559.5
Migut.F00692.v2.0,692,-1.263004297,7.361083508,0.002240103,0.028213152,2.649732086,TRUE,AHQT_SDvsAHQF1x_SD,,3262037,3264318,3263177.5
Migut.F00703.v2.0,703,-1.134392428,4.985127457,0.000108147,0.00123888,3.965985292,TRUE,AHQT_LDvsAHQF1x_SD,,3303839,3308850,3306344.5
Migut.F00703.v2.0,703,1.042466903,4.985127457,0.001376421,0.014790846,2.861248675,TRUE,AHQT_SDvsAHQF1x_LD,,3303839,3308850,3306344.5
Migut.F00706.v2.0,706,0.762479949,5.149930877,0.000320086,0.004428471,3.494732972,TRUE,AHQT_LDvsAHQF1i_SD,,3323809,3327957,3325883
Migut.F00706.v2.0,706,0.535653953,5.149930877,0.007869566,0.034449864,2.104049212,TRUE,AHQT_LDvsAHQF1x_SD,,3323809,3327957,3325883
Migut.F00720.v2.0,720,0.637776473,5.377007449,0.000248554,0.002395497,3.604578961,TRUE,AHQT_LDvsAHQF1x_SD,,3404274,3407060,3405667
Migut.F00726.v2.0,726,-1.021078775,5.523081878,8.09E-05,0.00098934,4.091869739,TRUE,AHQT_LDvsAHQF1x_SD,,3435967,3436446,3436206.5
Migut.F00739.v2.0,739,1.209674887,4.996928384,0.001717557,0.010842927,2.765088833,TRUE,AHQT_LDvsAHQF1x_SD,,3494204,3497881,3496042.5
Migut.F00751.v2.0,751,2.061659131,4.09912656,1.64E-06,4.47E-05,5.784185151,TRUE,AHQT_LDvsAHQF1x_SD,,3574188,3576031,3575109.5
Migut.F00751.v2.0,751,2.295819062,4.09912656,1.66E-06,0.000175785,5.780819838,TRUE,AHQT_SDvsAHQF1x_SD,,3574188,3576031,3575109.5
Migut.F00754.v2.0,754,-1.277380822,5.298582158,0.000192024,0.00343705,3.71664379,TRUE,AHQT_SDvsAHQF1x_LD,,3594757,3597432,3596094.5
Migut.F00759.v2.0,759,0.404778445,5.426220891,0.01046521,0.042732572,1.980252055,TRUE,AHQT_LDvsAHQF1x_SD,,3615549,3618585,3617067
Migut.F00763.v2.0,763,1.877132922,4.058736708,8.94E-07,5.53E-05,6.048637763,TRUE,AHQT_LDvsAHQF1i_SD,,3636204,3637502,3636853
Migut.F00763.v2.0,763,1.520116642,4.058736708,4.58E-05,0.000620169,4.3392427,TRUE,AHQT_LDvsAHQF1x_SD,,3636204,3637502,3636853
Migut.F00769.v2.0,769,-1.072802942,5.466875553,0.000567398,0.004608376,3.246112506,TRUE,AHQT_LDvsAHQF1x_SD,,3667874,3669775,3668824.5
Migut.F00771.v2.0,771,0.739921471,5.10795092,0.006503315,0.04325242,2.186865199,TRUE,AHQT_SDvsAHQF1x_LD,,3683523,3684671,3684097
Migut.F00778.v2.0,778,0.842396322,5.650102174,0.000474102,0.003981223,3.324127863,TRUE,AHQT_LDvsAHQF1x_SD,,3731419,3734347,3732883
Migut.F00790.v2.0,790,1.615540005,8.870698353,5.73E-08,2.88E-06,7.242046877,TRUE,AHQT_LDvsAHQF1x_SD,,3808686,3811523,3810104.5
Migut.F00790.v2.0,790,1.455899088,8.870698353,7.62E-06,0.000529311,5.11811674,TRUE,AHQT_SDvsAHQF1x_SD,,3808686,3811523,3810104.5
Migut.F00792.v2.0,792,-0.761302264,4.521582114,0.000230914,0.002259311,3.636549086,TRUE,AHQT_LDvsAHQF1x_SD,,3812562,3814619,3813590.5
Migut.F00792.v2.0,792,-0.810109662,4.521582114,0.000249164,0.006365557,3.603513988,TRUE,AHQT_SDvsAHQF1x_SD,,3812562,3814619,3813590.5
Migut.F00822.v2.0,822,-0.97251613,4.55852023,0.004110071,0.028971503,2.386150632,TRUE,AHQT_LDvsAHQF1i_SD,,3978009,3992596,3985302.5
Migut.F00823.v2.0,823,1.395527041,5.84970686,0.000223169,0.002202034,3.65136534,TRUE,AHQT_LDvsAHQF1x_SD,,3993122,3995406,3994264
Migut.F00831.v2.0,831,0.891304621,4.344161368,0.001879815,0.016383913,2.725884828,TRUE,AHQT_LDvsAHQF1i_SD,,4045122,4048032,4046577
Migut.F00845.v2.0,845,-0.541984286,6.188170877,0.001666436,0.010624518,2.778211428,TRUE,AHQT_LDvsAHQF1x_SD,,4080948,4084288,4082618
Migut.F00845.v2.0,845,-0.545565669,6.188170877,0.002185542,0.018178969,2.66044076,TRUE,AHQT_LDvsAHQF1i_SD,,4080948,4084288,4082618
Migut.F00860.v2.0,860,0.941332667,5.025136777,0.000510443,0.006319683,3.292052362,TRUE,AHQT_LDvsAHQF1i_SD,,4148652,4153915,4151283.5
Migut.F00860.v2.0,860,0.822722983,5.025136777,0.001717891,0.010842927,2.765004277,TRUE,AHQT_LDvsAHQF1x_SD,,4148652,4153915,4151283.5
Migut.F00862.v2.0,862,-0.720036682,5.887866427,0.006720301,0.040816318,2.172611285,TRUE,AHQT_LDvsAHQF1i_SD,,4157307,4161316,4159311.5
Migut.F00866.v2.0,866,-0.521611905,5.089521861,0.008467816,0.047716068,2.072228612,TRUE,AHQT_LDvsAHQF1i_SD,,4177171,4179773,4178472
Migut.F00869.v2.0,869,-0.770251698,6.522373104,0.000354772,0.00317814,3.450050399,TRUE,AHQT_LDvsAHQF1x_SD,,4186296,4189202,4187749
Migut.F00879.v2.0,879,0.895711296,5.125197541,0.000819239,0.010168881,3.086589459,TRUE,AHQT_SDvsAHQF1x_LD,,4215534,4217611,4216572.5
Migut.F00880.v2.0,880,0.860220476,5.147064326,1.84E-06,4.89E-05,5.735761294,TRUE,AHQT_LDvsAHQF1x_SD,,4217820,4226392,4222106
Migut.F00880.v2.0,880,0.664551887,5.147064326,0.000693213,0.007978975,3.15913319,TRUE,AHQT_LDvsAHQF1i_SD,,4217820,4226392,4222106
Migut.F00897.v2.0,897,-1.785246966,8.220098098,4.63E-05,0.00104561,4.334028816,TRUE,AHQT_LDvsAHQF1i_SD,,4301968,4309933,4305950.5
Migut.F00897.v2.0,897,-1.635617273,8.220098098,0.000173159,0.001803884,3.761553794,TRUE,AHQT_LDvsAHQF1x_SD,,4301968,4309933,4305950.5
Migut.F00902.v2.0,902,-2.022701684,9.753401674,1.28E-05,0.000220744,4.894318836,TRUE,AHQT_LDvsAHQF1x_SD,,4332912,4334626,4333769
Migut.F00902.v2.0,902,1.37217353,9.753401674,0.0035986,0.028807537,2.44386638,TRUE,AHQT_SDvsAHQF1x_LD,,4332912,4334626,4333769
Migut.F00904.v2.0,904,-1.900421507,4.682721629,1.82E-05,0.00029284,4.740060589,TRUE,AHQT_LDvsAHQF1x_SD,,4342398,4346192,4344295
Migut.F00904.v2.0,904,-2.382757644,4.682721629,4.24E-07,5.97E-05,6.373038786,TRUE,AHQT_SDvsAHQF1x_SD,,4342398,4346192,4344295
Migut.F00905.v2.0,905,-0.591265815,4.681655225,0.011912159,0.046949091,1.924009519,TRUE,AHQT_LDvsAHQF1x_SD,,4347271,4350281,4348776
Migut.F00920.v2.0,920,1.239630842,6.225806119,2.08E-05,0.000325866,4.682041643,TRUE,AHQT_LDvsAHQF1x_SD,,4409043,4413458,4411250.5
Migut.F00920.v2.0,920,1.127048969,6.225806119,0.000135351,0.002337032,3.868538919,TRUE,AHQT_LDvsAHQF1i_SD,,4409043,4413458,4411250.5
Migut.F00923.v2.0,923,0.660202648,5.160863045,0.006594346,0.043498357,2.180828297,TRUE,AHQT_SDvsAHQF1x_LD,,4421349,4430973,4426161
Migut.F00924.v2.0,924,0.694110013,7.641251125,0.002109699,0.019688296,2.675779496,TRUE,AHQT_SDvsAHQF1x_LD,,4431768,4433125,4432446.5
Migut.F00924.v2.0,924,-0.585793122,7.641251125,0.00491881,0.023978269,2.308139936,TRUE,AHQT_LDvsAHQF1x_SD,,4431768,4433125,4432446.5
Migut.F00927.v2.0,927,-0.779053604,6.666683278,0.001071302,0.007517468,2.970088111,TRUE,AHQT_LDvsAHQF1x_SD,,4449351,4452509,4450930
Migut.F00927.v2.0,927,-0.622830677,6.666683278,0.00822813,0.046850853,2.084698878,TRUE,AHQT_LDvsAHQF1i_SD,,4449351,4452509,4450930
Migut.F00928.v2.0,928,-0.986501776,6.018789886,0.004269012,0.021845751,2.369672591,TRUE,AHQT_LDvsAHQF1x_SD,,4454311,4455919,4455115
Migut.F00929.v2.0,929,0.724819255,4.207651554,0.003903938,0.020268997,2.408497035,TRUE,AHQT_LDvsAHQF1x_SD,,4456098,4459505,4457801.5
Migut.F00932.v2.0,932,-0.916601811,6.320022399,0.000173481,0.001804875,3.760748129,TRUE,AHQT_LDvsAHQF1x_SD,,4491777,4495525,4493651
Migut.F00944.v2.0,944,1.314384409,7.101556431,1.14E-05,0.000203742,4.944372549,TRUE,AHQT_LDvsAHQF1x_SD,,4543419,4547809,4545614
Migut.F00944.v2.0,944,1.074023719,7.101556431,0.000362606,0.004883805,3.44056479,TRUE,AHQT_LDvsAHQF1i_SD,,4543419,4547809,4545614
Migut.F00950.v2.0,950,-0.862580724,5.13492641,0.000538053,0.004399641,3.269175046,TRUE,AHQT_LDvsAHQF1x_SD,,4588521,4592476,4590498.5
Migut.F00951.v2.0,951,0.526063788,7.754893143,0.004884038,0.023888475,2.311220981,TRUE,AHQT_LDvsAHQF1x_SD,,4593159,4600272,4596715.5
Migut.F00954.v2.0,954,6.877241677,3.533548669,2.23E-06,5.75E-05,5.650859778,TRUE,AHQT_LDvsAHQF1x_SD,,4608123,4610560,4609341.5
Migut.F00954.v2.0,954,6.437436546,3.533548669,5.32E-05,0.001331607,4.273879015,TRUE,AHQT_SDvsAHQF1x_LD,,4608123,4610560,4609341.5
Migut.F00954.v2.0,954,5.227667506,3.533548669,0.000176863,0.002795358,3.752363544,TRUE,AHQT_LDvsAHQF1i_SD,,4608123,4610560,4609341.5
Migut.F00954.v2.0,954,6.077028184,3.533548669,8.30E-05,0.002956803,4.081050522,TRUE,AHQT_SDvsAHQF1x_SD,,4608123,4610560,4609341.5
Migut.F00956.v2.0,956,1.127037574,4.901336113,0.001143115,0.018640894,2.941910204,TRUE,AHQT_SDvsAHQF1x_SD,,4622496,4624688,4623592
Migut.F00963.v2.0,963,-0.481568298,7.122338619,0.007986948,0.034853122,2.097619125,TRUE,AHQT_LDvsAHQF1x_SD,,4642890,4645251,4644070.5
Migut.F00964.v2.0,964,-0.757279307,6.18523969,0.000355198,0.003179009,3.44952906,TRUE,AHQT_LDvsAHQF1x_SD,,4646892,4650184,4648538
Migut.F00964.v2.0,964,-0.825417918,6.18523969,0.000242794,0.004120668,3.614762309,TRUE,AHQT_SDvsAHQF1x_LD,,4646892,4650184,4648538
Migut.F00964.v2.0,964,-0.655469455,6.18523969,0.003027256,0.023350011,2.51895082,TRUE,AHQT_LDvsAHQF1i_SD,,4646892,4650184,4648538
Migut.F00964.v2.0,964,-0.802579424,6.18523969,0.000359658,0.0085337,3.444110456,TRUE,AHQT_SDvsAHQF1x_SD,,4646892,4650184,4648538
Migut.F00973.v2.0,973,1.254918619,4.242787556,7.20E-05,0.001674405,4.142395952,TRUE,AHQT_SDvsAHQF1x_LD,,4678851,4682904,4680877.5
Migut.F00973.v2.0,973,1.130423382,4.242787556,0.000652665,0.021694451,3.185309745,TRUE,AHQT_SDvsAHQF1i_LD,,4678851,4682904,4680877.5
Migut.F00974.v2.0,974,-0.674386861,4.871503417,0.00341805,0.025390855,2.466221549,TRUE,AHQT_LDvsAHQF1i_SD,,4684733,4689016,4686874.5
Migut.F00974.v2.0,974,-0.533151696,4.871503417,0.006345773,0.02913986,2.197515494,TRUE,AHQT_LDvsAHQF1x_SD,,4684733,4689016,4686874.5
Migut.F00987.v2.0,987,-1.147258147,4.761043929,8.87E-05,0.001056163,4.052090461,TRUE,AHQT_LDvsAHQF1x_SD,,4723324,4726682,4725003
Migut.F00993.v2.0,993,0.673655903,4.738856879,0.002007522,0.012116648,2.697339764,TRUE,AHQT_LDvsAHQF1x_SD,,4750993,4755535,4753264
Migut.F00994.v2.0,994,0.684316314,5.98150724,0.00093602,0.027308584,3.028715056,TRUE,AHQT_SDvsAHQF1i_LD,,4760596,4764394,4762495
Migut.F01004.v2.0,1004,1.717396093,4.8683235,0.000154868,0.002932466,3.810039051,TRUE,AHQT_SDvsAHQF1x_LD,,4805461,4809068,4807264.5
Migut.F01004.v2.0,1004,1.617539326,4.8683235,0.00079173,0.024427275,3.101422864,TRUE,AHQT_SDvsAHQF1i_LD,,4805461,4809068,4807264.5
Migut.F01005.v2.0,1005,-0.637317024,6.05287806,0.000990122,0.010291772,3.004311171,TRUE,AHQT_LDvsAHQF1i_SD,,4812627,4815893,4814260
Migut.F01005.v2.0,1005,-0.564060392,6.05287806,0.002078926,0.012500743,2.682160876,TRUE,AHQT_LDvsAHQF1x_SD,,4812627,4815893,4814260
Migut.F01005.v2.0,1005,0.643583157,6.05287806,0.001131685,0.012731643,2.94627428,TRUE,AHQT_SDvsAHQF1x_LD,,4812627,4815893,4814260
Migut.F01014.v2.0,1014,-0.928744073,7.045818334,0.000497118,0.004127836,3.303540121,TRUE,AHQT_LDvsAHQF1x_SD,,4865319,4867193,4866256
Migut.F01014.v2.0,1014,-0.965263281,7.045818334,0.000666054,0.008908704,3.176490499,TRUE,AHQT_SDvsAHQF1x_LD,,4865319,4867193,4866256
Migut.F01014.v2.0,1014,-1.46311471,7.045818334,2.95E-07,4.60E-05,6.529940043,TRUE,AHQT_SDvsAHQF1x_SD,,4865319,4867193,4866256
Migut.F01032.v2.0,1032,0.968067341,6.347341318,0.001435042,0.013411908,2.843135454,TRUE,AHQT_LDvsAHQF1i_SD,,4965063,4968670,4966866.5
Migut.F01035.v2.0,1035,1.108127722,4.857612012,0.002552317,0.022633358,2.593065356,TRUE,AHQT_SDvsAHQF1x_LD,,4982359,4985634,4983996.5
Migut.F01035.v2.0,1035,1.021019614,4.857612012,0.004490173,0.045309925,2.347736947,TRUE,AHQT_SDvsAHQF1x_SD,,4982359,4985634,4983996.5
Migut.F01039.v2.0,1039,-1.969046728,5.893491609,0.003830424,0.030097972,2.416753115,TRUE,AHQT_SDvsAHQF1x_LD,,4994125,4996122,4995123.5
Migut.F01041.v2.0,1041,-0.582382286,7.27696,0.0045294,0.022639967,2.343959315,TRUE,AHQT_LDvsAHQF1x_SD,,4999452,5004033,5001742.5
Migut.F01049.v2.0,1049,-1.047737695,6.713794934,1.95E-06,0.00010364,5.709241728,TRUE,AHQT_SDvsAHQF1x_LD,,5054659,5057388,5056023.5
Migut.F01057.v2.0,1057,-0.565218889,6.878130864,0.003207599,0.01746098,2.493819995,TRUE,AHQT_LDvsAHQF1x_SD,,5104575,5107028,5105801.5
Migut.F01058.v2.0,1058,0.570634361,4.792143425,0.002235634,0.018468366,2.650599251,TRUE,AHQT_LDvsAHQF1i_SD,,5108783,5111563,5110173
Migut.F01061.v2.0,1061,0.592828245,7.481050993,0.008439862,0.036320743,2.073664651,TRUE,AHQT_LDvsAHQF1x_SD,,5124554,5128262,5126408
Migut.F01062.v2.0,1062,0.631673684,4.434482824,0.003232825,0.017505416,2.490417848,TRUE,AHQT_LDvsAHQF1x_SD,,5128449,5132861,5130655
Migut.F01062.v2.0,1062,0.839837197,4.434482824,0.000764167,0.014164227,3.116811617,TRUE,AHQT_SDvsAHQF1x_SD,,5128449,5132861,5130655
Migut.F01066.v2.0,1066,-0.547254171,6.309494897,0.001386973,0.009180261,2.857931909,TRUE,AHQT_LDvsAHQF1x_SD,,5156657,5159191,5157924
Migut.F01083.v2.0,1083,-0.58797406,5.324140247,0.003068418,0.023573361,2.51308544,TRUE,AHQT_LDvsAHQF1i_SD,,5253651,5257139,5255395
Migut.F01086.v2.0,1086,-1.010382366,5.251911392,0.005385478,0.037823679,2.268775759,TRUE,AHQT_SDvsAHQF1x_LD,,5270935,5273141,5272038
Migut.F01091.v2.0,1091,-0.7950729,6.994012088,0.001077821,0.007536944,2.967453273,TRUE,AHQT_LDvsAHQF1x_SD,,5289849,5292556,5291202.5
Migut.F01091.v2.0,1091,1.045236892,6.994012088,0.000134204,0.008000038,3.872235185,TRUE,AHQT_SDvsAHQF1i_LD,,5289849,5292556,5291202.5
Migut.F01091.v2.0,1091,-0.668493404,6.994012088,0.007446043,0.043738711,2.128074441,TRUE,AHQT_LDvsAHQF1i_SD,,5289849,5292556,5291202.5
Migut.F01094.v2.0,1094,-1.260687869,4.944897586,0.000163554,0.001724278,3.786339509,TRUE,AHQT_LDvsAHQF1x_SD,,5306811,5309202,5308006.5
Migut.F01094.v2.0,1094,-1.588461098,4.944897586,7.85E-06,0.000535211,5.104932524,TRUE,AHQT_SDvsAHQF1x_SD,,5306811,5309202,5308006.5
Migut.F01095.v2.0,1095,1.530667413,5.126210812,0.001318329,0.014336832,2.879976077,TRUE,AHQT_SDvsAHQF1x_LD,,5315124,5317861,5316492.5
Migut.F01095.v2.0,1095,1.513641093,5.126210812,0.001433236,0.021464789,2.84368222,TRUE,AHQT_SDvsAHQF1x_SD,,5315124,5317861,5316492.5
Migut.F01098.v2.0,1098,1.083151877,5.542239525,0.006182605,0.038445214,2.20882849,TRUE,AHQT_LDvsAHQF1i_SD,,5332270,5334738,5333504
Migut.F01099.v2.0,1099,0.575292801,5.31818308,0.012978975,0.049995196,1.886759619,TRUE,AHQT_LDvsAHQF1x_SD,,5337308,5343300,5340304
Migut.F01100.v2.0,1100,-0.619786756,6.87319566,0.010066225,0.041560299,1.997133346,TRUE,AHQT_LDvsAHQF1x_SD,,5343472,5346745,5345108.5
Migut.F01100.v2.0,1100,-1.140034726,6.87319566,1.19E-05,0.000699373,4.925289441,TRUE,AHQT_SDvsAHQF1x_SD,,5343472,5346745,5345108.5
Migut.F01114.v2.0,1114,1.687349235,5.235612171,0.000208296,0.003167734,3.681319805,TRUE,AHQT_LDvsAHQF1i_SD,,5410962,5413747,5412354.5
Migut.F01133.v2.0,1133,-0.838287936,4.42447408,0.004300683,0.032446636,2.366462586,TRUE,AHQT_SDvsAHQF1x_LD,,5511928,5512871,5512399.5
Migut.F01133.v2.0,1133,-0.956482742,4.42447408,0.000893298,0.015770709,3.049003682,TRUE,AHQT_SDvsAHQF1x_SD,,5511928,5512871,5512399.5
Migut.F01136.v2.0,1136,0.686364568,6.922608693,0.003329864,0.025010524,2.477573442,TRUE,AHQT_LDvsAHQF1i_SD,,5518673,5521354,5520013.5
Migut.F01136.v2.0,1136,0.625097438,6.922608693,0.007090665,0.031843197,2.149313062,TRUE,AHQT_LDvsAHQF1x_SD,,5518673,5521354,5520013.5
Migut.F01137.v2.0,1137,0.726267708,4.81438148,0.001142106,0.007900656,2.942293633,TRUE,AHQT_LDvsAHQF1x_SD,,5522166,5525562,5523864
Migut.F01144.v2.0,1144,0.724848364,5.455374596,0.001335021,0.008915833,2.874512028,TRUE,AHQT_LDvsAHQF1x_SD,,5561785,5563713,5562749
Migut.F01153.v2.0,1153,-0.609769176,4.567914885,0.008235611,0.035664257,2.084304194,TRUE,AHQT_LDvsAHQF1x_SD,,5602088,5602939,5602513.5
Migut.F01153.v2.0,1153,-0.939912615,4.567914885,0.000217188,0.00573055,3.663164809,TRUE,AHQT_SDvsAHQF1x_SD,,5602088,5602939,5602513.5
Migut.F01162.v2.0,1162,1.2202337,8.273373176,0.000245329,0.002371514,3.610251043,TRUE,AHQT_LDvsAHQF1x_SD,,5678255,5684591,5681423
Migut.F01162.v2.0,1162,0.880266849,8.273373176,0.00830318,0.047194706,2.080755571,TRUE,AHQT_LDvsAHQF1i_SD,,5678255,5684591,5681423
Migut.F01165.v2.0,1165,1.518500399,5.082065701,3.14E-10,7.98E-08,9.503053933,TRUE,AHQT_SDvsAHQF1x_LD,,5697452,5699703,5698577.5
Migut.F01165.v2.0,1165,0.829419934,5.082065701,0.000326468,0.007862092,3.486159744,TRUE,AHQT_SDvsAHQF1x_SD,,5697452,5699703,5698577.5
Migut.F01167.v2.0,1167,0.673323193,5.658920495,0.000237244,0.002304895,3.624804781,TRUE,AHQT_LDvsAHQF1x_SD,,5708425,5714462,5711443.5
Migut.F01167.v2.0,1167,0.682742573,5.658920495,0.001570445,0.022703279,2.803977181,TRUE,AHQT_SDvsAHQF1x_SD,,5708425,5714462,5711443.5
Migut.F01173.v2.0,1173,-1.260252847,4.642190435,4.00E-05,0.000558021,4.397458787,TRUE,AHQT_LDvsAHQF1x_SD,,5768173,5770893,5769533
Migut.F01173.v2.0,1173,-1.242343975,4.642190435,0.000161236,0.004718348,3.79253832,TRUE,AHQT_SDvsAHQF1x_SD,,5768173,5770893,5769533
Migut.F01191.v2.0,1191,0.706974156,5.432897874,0.000571574,0.004622859,3.242927262,TRUE,AHQT_LDvsAHQF1x_SD,,5966131,5970802,5968466.5
Migut.F01208.v2.0,1208,0.6182322,6.484292607,0.008497736,0.036445508,2.070696757,TRUE,AHQT_LDvsAHQF1x_SD,,6151185,6153503,6152344
Migut.F01209.v2.0,1209,2.002362728,4.216724517,2.77E-05,0.000830763,4.557509006,TRUE,AHQT_SDvsAHQF1x_LD,,6160861,6163668,6162264.5
Migut.F01209.v2.0,1209,1.739276254,4.216724517,0.000234325,0.006115873,3.630182049,TRUE,AHQT_SDvsAHQF1x_SD,,6160861,6163668,6162264.5
Migut.F01241.v2.0,1241,2.610121618,4.406433245,2.88E-08,3.70E-06,7.54099698,TRUE,AHQT_LDvsAHQF1i_SD,,6431701,6435764,6433732.5
Migut.F01241.v2.0,1241,2.16509636,4.406433245,3.42E-06,8.04E-05,5.46659519,TRUE,AHQT_LDvsAHQF1x_SD,,6431701,6435764,6433732.5
Migut.F01245.v2.0,1245,2.146405101,6.376349108,3.04E-05,0.000451399,4.516700905,TRUE,AHQT_LDvsAHQF1x_SD,,6489531,6491879,6490705
Migut.F01245.v2.0,1245,2.209333833,6.376349108,1.90E-05,0.000532729,4.721777732,TRUE,AHQT_LDvsAHQF1i_SD,,6489531,6491879,6490705
Migut.F01245.v2.0,1245,-1.658129993,6.376349108,0.003208849,0.026440149,2.49365073,TRUE,AHQT_SDvsAHQF1x_LD,,6489531,6491879,6490705
Migut.F01257.v2.0,1257,1.695214112,5.034087491,2.08E-05,0.000325866,4.681518592,TRUE,AHQT_LDvsAHQF1x_SD,,6640326,6645466,6642896
Migut.F01257.v2.0,1257,1.375527762,5.034087491,0.000660525,0.007685402,3.180110981,TRUE,AHQT_LDvsAHQF1i_SD,,6640326,6645466,6642896
Migut.F01268.v2.0,1268,0.763360592,6.480034989,7.66E-05,0.00176021,4.116028336,TRUE,AHQT_SDvsAHQF1x_LD,,6731600,6735723,6733661.5
Migut.F01268.v2.0,1268,-0.629000091,6.480034989,0.000900658,0.009685586,3.045439976,TRUE,AHQT_LDvsAHQF1i_SD,,6731600,6735723,6733661.5
Migut.F01268.v2.0,1268,-0.540309754,6.480034989,0.004373783,0.022137119,2.359142756,TRUE,AHQT_LDvsAHQF1x_SD,,6731600,6735723,6733661.5
Migut.F01273.v2.0,1273,2.808188794,4.089066485,2.57E-09,6.37E-07,8.589540818,TRUE,AHQT_LDvsAHQF1i_SD,,6767046,6770969,6769007.5
Migut.F01273.v2.0,1273,1.845149877,4.089066485,7.65E-05,0.000939543,4.116502872,TRUE,AHQT_LDvsAHQF1x_SD,,6767046,6770969,6769007.5
Migut.F01274.v2.0,1274,1.72297271,4.153345952,0.000349028,0.003144181,3.457139968,TRUE,AHQT_LDvsAHQF1x_SD,,6786716,6789575,6788145.5
Migut.F01274.v2.0,1274,1.387416875,4.153345952,0.004461659,0.030836347,2.350503662,TRUE,AHQT_LDvsAHQF1i_SD,,6786716,6789575,6788145.5
Migut.F01274.v2.0,1274,1.541488171,4.153345952,0.00288529,0.033651258,2.539810587,TRUE,AHQT_SDvsAHQF1x_SD,,6786716,6789575,6788145.5
Migut.F01275.v2.0,1275,0.700905674,4.401443372,0.003349897,0.037098574,2.474968531,TRUE,AHQT_SDvsAHQF1x_SD,,6798716,6803904,6801310
Migut.F01276.v2.0,1276,4.123139584,6.709769192,4.93E-17,2.80E-14,16.30757551,TRUE,AHQT_LDvsAHQF1x_SD,,6847942,6852398,6850170
Migut.F01276.v2.0,1276,3.517768293,6.709769192,3.21E-13,2.39E-10,12.49339262,TRUE,AHQT_LDvsAHQF1i_SD,,6847942,6852398,6850170
Migut.F01276.v2.0,1276,-3.744672882,6.709769192,7.61E-12,2.83E-09,11.11868358,TRUE,AHQT_SDvsAHQF1x_LD,,6847942,6852398,6850170
Migut.F01276.v2.0,1276,-3.208035675,6.709769192,3.57E-07,0.000181297,6.447697607,TRUE,AHQT_SDvsAHQF1i_LD,,6847942,6852398,6850170
Migut.F01279.v2.0,1279,0.730045881,4.883808072,6.62E-05,0.000843428,4.179125139,TRUE,AHQT_LDvsAHQF1x_SD,,6925956,6928376,6927166
Migut.F01279.v2.0,1279,0.559301685,4.883808072,0.006664619,0.043722982,2.176224649,TRUE,AHQT_SDvsAHQF1x_LD,,6925956,6928376,6927166
Migut.F01279.v2.0,1279,0.692621392,4.883808072,0.000578743,0.011866073,3.237514314,TRUE,AHQT_SDvsAHQF1x_SD,,6925956,6928376,6927166
Migut.F01281.v2.0,1281,0.905032767,4.822207398,0.006805138,0.044283841,2.16716305,TRUE,AHQT_SDvsAHQF1x_LD,,7261802,7264359,7263080.5
Migut.F01300.v2.0,1300,1.560938356,4.363148222,1.73E-05,0.000283475,4.761475688,TRUE,AHQT_LDvsAHQF1x_SD,,7681523,7687655,7684589
Migut.F01304.v2.0,1304,-0.804453832,4.136262392,0.009663358,0.040503059,2.014871936,TRUE,AHQT_LDvsAHQF1x_SD,,7773602,7778106,7775854
Migut.F01344.v2.0,1344,-3.727833094,3.680853708,4.67E-06,0.000202585,5.330366694,TRUE,AHQT_SDvsAHQF1x_LD,,8155744,8156311,8156027.5
Migut.F01344.v2.0,1344,-3.015124286,3.680853708,0.000996641,0.028224521,3.001461279,TRUE,AHQT_SDvsAHQF1i_LD,,8155744,8156311,8156027.5
Migut.F01369.v2.0,1369,-0.979622846,5.686667967,9.46E-06,0.000179785,5.024106368,TRUE,AHQT_LDvsAHQF1x_SD,,8571018,8572266,8571642
Migut.F01369.v2.0,1369,-0.694216621,5.686667967,0.002502001,0.022310083,2.601712595,TRUE,AHQT_SDvsAHQF1x_LD,,8571018,8572266,8571642
Migut.F01369.v2.0,1369,-0.802613078,5.686667967,0.000900222,0.015830462,3.045650387,TRUE,AHQT_SDvsAHQF1x_SD,,8571018,8572266,8571642
Migut.F01373.v2.0,1373,-0.633055732,4.620846842,0.006361079,0.039176618,2.196469236,TRUE,AHQT_LDvsAHQF1i_SD,,8695527,8699990,8697758.5
Migut.F01413.v2.0,1413,2.312384613,3.62832982,0.000312416,0.002920625,3.505266072,TRUE,AHQT_LDvsAHQF1x_SD,,11404042,11408447,11406244.5
Migut.F01413.v2.0,1413,2.014209875,3.62832982,0.001915407,0.016619123,2.717738971,TRUE,AHQT_LDvsAHQF1i_SD,,11404042,11408447,11406244.5
Migut.F01415.v2.0,1415,-3.172750341,6.929051115,3.62E-08,1.97E-06,7.44164267,TRUE,AHQT_LDvsAHQF1x_SD,,11485336,11488205,11486770.5
Migut.F01415.v2.0,1415,-2.236769458,6.929051115,9.51E-05,0.003234891,4.021664259,TRUE,AHQT_SDvsAHQF1x_SD,,11485336,11488205,11486770.5
Migut.F01419.v2.0,1419,1.760453205,6.463406252,2.79E-05,0.000726889,4.554000418,TRUE,AHQT_LDvsAHQF1i_SD,,11561795,11563820,11562807.5
Migut.F01419.v2.0,1419,1.077732227,6.463406252,0.009791434,0.040891544,2.009153712,TRUE,AHQT_LDvsAHQF1x_SD,,11561795,11563820,11562807.5
Migut.F01420.v2.0,1420,-0.62896951,6.245617811,0.001595989,0.014499026,2.796970138,TRUE,AHQT_LDvsAHQF1i_SD,,11587320,11592730,11590025
Migut.F01420.v2.0,1420,-0.541048164,6.245617811,0.004872293,0.023859906,2.312266597,TRUE,AHQT_LDvsAHQF1x_SD,,11587320,11592730,11590025
Migut.F01432.v2.0,1432,-1.272079277,4.572131273,5.90E-05,0.001423989,4.229275585,TRUE,AHQT_SDvsAHQF1x_LD,,11877167,11879971,11878569
Migut.F01432.v2.0,1432,-1.480659928,4.572131273,7.87E-06,0.000535211,5.104028834,TRUE,AHQT_SDvsAHQF1x_SD,,11877167,11879971,11878569
Migut.F01461.v2.0,1461,-0.603944811,6.883142747,0.002128674,0.012728546,2.671890922,TRUE,AHQT_LDvsAHQF1x_SD,,12746379,12749929,12748154
Migut.F01461.v2.0,1461,-0.525610662,6.883142747,0.00838876,0.047513348,2.076302217,TRUE,AHQT_LDvsAHQF1i_SD,,12746379,12749929,12748154
Migut.F01471.v2.0,1471,-1.154873807,9.698898562,0.002771404,0.015669466,2.557300173,TRUE,AHQT_LDvsAHQF1x_SD,,12916897,12918829,12917863
Migut.F01471.v2.0,1471,-1.247688652,9.698898562,0.002081688,0.026720119,2.681584372,TRUE,AHQT_SDvsAHQF1x_SD,,12916897,12918829,12917863
Migut.F01478.v2.0,1478,-1.694271877,7.390405515,3.87E-07,1.35E-05,6.412422601,TRUE,AHQT_LDvsAHQF1x_SD,,13004160,13006371,13005265.5
Migut.F01478.v2.0,1478,-0.951463098,7.390405515,0.005753004,0.039735094,2.240105331,TRUE,AHQT_SDvsAHQF1x_LD,,13004160,13006371,13005265.5
Migut.F01478.v2.0,1478,-1.446015933,7.390405515,3.44E-05,0.001543959,4.463767897,TRUE,AHQT_SDvsAHQF1x_SD,,13004160,13006371,13005265.5
Migut.F01491.v2.0,1491,-0.758790099,5.932060342,0.005790319,0.036873789,2.23729751,TRUE,AHQT_LDvsAHQF1i_SD,,13617298,13620350,13618824
Migut.F01491.v2.0,1491,-0.690963724,5.932060342,0.011276039,0.045083654,1.947843446,TRUE,AHQT_LDvsAHQF1x_SD,,13617298,13620350,13618824
Migut.F01503.v2.0,1503,-0.844521007,4.446833709,0.005491785,0.038319486,2.260286462,TRUE,AHQT_SDvsAHQF1x_LD,,13992913,13995847,13994380
Migut.F01508.v2.0,1508,2.066402119,3.860507617,0.001634216,0.014749185,2.78669043,TRUE,AHQT_LDvsAHQF1i_SD,,14127241,14131074,14129157.5
Migut.F01510.v2.0,1510,-0.48842931,4.28238575,0.010305797,0.042314234,1.986918434,TRUE,AHQT_LDvsAHQF1x_SD,,14210920,14218448,14214684
Migut.F01519.v2.0,1519,-0.822519468,7.684126151,0.003679063,0.029265824,2.434262783,TRUE,AHQT_SDvsAHQF1x_LD,,14392497,14395287,14393892
Migut.F01548.v2.0,1548,4.3196101,6.575499293,2.72E-05,0.000714727,4.564700242,TRUE,AHQT_LDvsAHQF1i_SD,,15040898,15044108,15042503
Migut.F01548.v2.0,1548,3.72556929,6.575499293,0.000209377,0.002086641,3.679070715,TRUE,AHQT_LDvsAHQF1x_SD,,15040898,15044108,15042503
Migut.F01554.v2.0,1554,0.619368192,4.520888655,0.009887205,0.041102341,2.004926466,TRUE,AHQT_LDvsAHQF1x_SD,,15145290,15152625,15148957.5
Migut.F01609.v2.0,1609,-0.692989659,4.986388845,0.002103324,0.019688296,2.677093781,TRUE,AHQT_SDvsAHQF1x_LD,,15901229,15909462,15905345.5
Migut.F01630.v2.0,1630,-1.451708761,3.92443251,0.000680533,0.005291393,3.167150625,TRUE,AHQT_LDvsAHQF1x_SD,,16132432,16133323,16132877.5
Migut.F01630.v2.0,1630,-1.437421424,3.92443251,0.001893399,0.025173748,2.722757815,TRUE,AHQT_SDvsAHQF1x_SD,,16132432,16133323,16132877.5
Migut.F01646.v2.0,1646,-1.827256519,6.812330322,3.84E-06,0.000171594,5.415885129,TRUE,AHQT_SDvsAHQF1x_LD,,16334417,16336944,16335680.5
Migut.F01646.v2.0,1646,-1.145719505,6.812330322,0.002827969,0.033224054,2.548525375,TRUE,AHQT_SDvsAHQF1x_SD,,16334417,16336944,16335680.5
Migut.F01662.v2.0,1662,-0.922040306,7.781505097,6.41E-05,0.000823223,4.193106677,TRUE,AHQT_LDvsAHQF1x_SD,,16450111,16452400,16451255.5
Migut.F01662.v2.0,1662,-0.854378527,7.781505097,0.000484431,0.010608058,3.314767759,TRUE,AHQT_SDvsAHQF1x_SD,,16450111,16452400,16451255.5
Migut.F01668.v2.0,1668,1.307567939,3.941564328,0.000822432,0.010195407,3.084900193,TRUE,AHQT_SDvsAHQF1x_LD,,16522173,16526057,16524115
Migut.F01668.v2.0,1668,1.617490567,3.941564328,3.27E-05,0.001484314,4.485538121,TRUE,AHQT_SDvsAHQF1x_SD,,16522173,16526057,16524115
Migut.F01672.v2.0,1672,-1.039482381,7.073244225,0.000127204,0.00141197,3.895497543,TRUE,AHQT_LDvsAHQF1x_SD,,16582424,16584973,16583698.5
Migut.F01672.v2.0,1672,-0.891222777,7.073244225,0.001871584,0.024998457,2.727790739,TRUE,AHQT_SDvsAHQF1x_SD,,16582424,16584973,16583698.5
Migut.F01673.v2.0,1673,0.867747663,4.915668869,0.000859961,0.009373189,3.065521143,TRUE,AHQT_LDvsAHQF1i_SD,,16587935,16592568,16590251.5
Migut.F01680.v2.0,1680,-0.835142516,4.117681499,0.002731981,0.015501025,2.563522264,TRUE,AHQT_LDvsAHQF1x_SD,,16623381,16624105,16623743
Migut.F01681.v2.0,1681,0.939736236,4.800608376,5.95E-05,0.001431393,4.225496582,TRUE,AHQT_SDvsAHQF1x_LD,,16624801,16628687,16626744
Migut.F01687.v2.0,1687,-0.540832692,5.948653758,0.002569027,0.014758534,2.590231304,TRUE,AHQT_LDvsAHQF1x_SD,,16687481,16691854,16689667.5
Migut.F01687.v2.0,1687,-0.531196039,5.948653758,0.00625415,0.038765293,2.203831703,TRUE,AHQT_LDvsAHQF1i_SD,,16687481,16691854,16689667.5
Migut.F01705.v2.0,1705,-0.712648572,5.454752234,0.000153305,0.001634068,3.814443862,TRUE,AHQT_LDvsAHQF1x_SD,,16821911,16826057,16823984
Migut.F01707.v2.0,1707,-1.241853164,5.194097145,0.002180686,0.047536976,2.661406953,TRUE,AHQT_SDvsAHQF1i_LD,,16835704,16838516,16837110
Migut.F01708.v2.0,1708,-0.802352849,8.593546517,0.000236791,0.006147031,3.625633917,TRUE,AHQT_SDvsAHQF1x_SD,,16855680,16859286,16857483
Migut.F01713.v2.0,1713,0.539598047,5.088189602,0.005037429,0.048917732,2.29779107,TRUE,AHQT_SDvsAHQF1x_SD,,16935221,16937772,16936496.5
Migut.F01751.v2.0,1751,3.061961889,4.359593944,4.70E-09,1.03E-06,8.327568648,TRUE,AHQT_LDvsAHQF1i_SD,,17160805,17163320,17162062.5
Migut.F01751.v2.0,1751,2.453544794,4.359593944,1.55E-06,4.26E-05,5.810385005,TRUE,AHQT_LDvsAHQF1x_SD,,17160805,17163320,17162062.5
Migut.F01765.v2.0,1765,-0.932673001,6.079007308,0.001202431,0.011800687,2.91993986,TRUE,AHQT_LDvsAHQF1i_SD,,17249415,17251105,17250260
Migut.F01765.v2.0,1765,-0.996188931,6.079007308,0.001436032,0.015205883,2.842835736,TRUE,AHQT_SDvsAHQF1x_LD,,17249415,17251105,17250260
Migut.F01765.v2.0,1765,-0.720334192,6.079007308,0.011700777,0.046271253,1.93178531,TRUE,AHQT_LDvsAHQF1x_SD,,17249415,17251105,17250260
Migut.F01767.v2.0,1767,0.532584921,6.12783617,0.009201036,0.038851949,2.03616326,TRUE,AHQT_LDvsAHQF1x_SD,,17257680,17266681,17262180.5
Migut.F01768.v2.0,1768,-0.678000511,5.837666316,0.008097761,0.046409541,2.091635054,TRUE,AHQT_LDvsAHQF1i_SD,,17269714,17273567,17271640.5
Migut.F01772.v2.0,1772,-1.50916444,5.094469145,3.65E-10,8.80E-08,9.438225911,TRUE,AHQT_SDvsAHQF1x_LD,,17302283,17307635,17304959
Migut.F01772.v2.0,1772,-0.950527252,5.094469145,0.000283151,0.01287723,3.547982606,TRUE,AHQT_SDvsAHQF1i_LD,,17302283,17307635,17304959
Migut.F01772.v2.0,1772,0.655989847,5.094469145,0.002683591,0.015298368,2.571283731,TRUE,AHQT_LDvsAHQF1x_SD,,17302283,17307635,17304959
Migut.F01772.v2.0,1772,0.700095652,5.094469145,0.002598587,0.020688009,2.58526274,TRUE,AHQT_LDvsAHQF1i_SD,,17302283,17307635,17304959
Migut.F01775.v2.0,1775,-0.820767418,5.52770224,0.002065466,0.019497757,2.684981953,TRUE,AHQT_SDvsAHQF1x_LD,,17327846,17332354,17330100
Migut.F01786.v2.0,1786,0.673904341,5.191422073,0.003540278,0.018753958,2.450962627,TRUE,AHQT_LDvsAHQF1x_SD,,17421305,17426619,17423962
Migut.F01791.v2.0,1791,1.210782507,4.952668257,8.17E-06,0.000164304,5.087952603,TRUE,AHQT_LDvsAHQF1x_SD,,17456232,17458916,17457574
Migut.F01791.v2.0,1791,0.93559572,4.952668257,0.000944878,0.009983886,3.024624435,TRUE,AHQT_LDvsAHQF1i_SD,,17456232,17458916,17457574
Migut.F01795.v2.0,1795,-0.728095132,4.464295291,0.001701558,0.023609119,2.769153204,TRUE,AHQT_SDvsAHQF1x_SD,,17482258,17484336,17483297
Migut.F01827.v2.0,1827,-0.599677688,5.123678353,0.009168502,0.038777878,2.037701613,TRUE,AHQT_LDvsAHQF1x_SD,,17703919,17707887,17705903
Migut.F01831.v2.0,1831,0.685055494,5.518088662,0.00453651,0.022663774,2.343278143,TRUE,AHQT_LDvsAHQF1x_SD,,17742541,17748150,17745345.5
Migut.F01834.v2.0,1834,-0.754158344,5.97401171,0.003343778,0.025070549,2.475762523,TRUE,AHQT_LDvsAHQF1i_SD,,17761325,17763709,17762517
Migut.F01841.v2.0,1841,0.838456165,5.607487674,2.30E-05,0.00072972,4.637386002,TRUE,AHQT_SDvsAHQF1x_LD,,17797748,17800882,17799315
Migut.F01841.v2.0,1841,0.499814758,5.607487674,0.004963533,0.024147524,2.304209114,TRUE,AHQT_LDvsAHQF1x_SD,,17797748,17800882,17799315
Migut.F01841.v2.0,1841,0.801579133,5.607487674,4.27E-05,0.001808578,4.36957012,TRUE,AHQT_SDvsAHQF1x_SD,,17797748,17800882,17799315
Migut.F01851.v2.0,1851,0.567395739,4.769893706,0.003588568,0.018968144,2.445078857,TRUE,AHQT_LDvsAHQF1x_SD,,17864303,17867399,17865851
Migut.F01852.v2.0,1852,1.486392616,4.144518775,0.000995921,0.016772184,3.001775245,TRUE,AHQT_SDvsAHQF1x_SD,,17868653,17870545,17869599
Migut.F01864.v2.0,1864,-0.428270024,8.396010622,0.012157006,0.047507336,1.915173381,TRUE,AHQT_LDvsAHQF1x_SD,,17927947,17932139,17930043
Migut.F01865.v2.0,1865,0.804480518,4.828022663,0.001464525,0.009601439,2.834303161,TRUE,AHQT_LDvsAHQF1x_SD,,17932769,17935649,17934209
Migut.F01869.v2.0,1869,-0.675053499,8.304364678,0.004976383,0.035677005,2.303086244,TRUE,AHQT_SDvsAHQF1x_LD,,17956975,17961022,17958998.5
Migut.F01870.v2.0,1870,0.584466446,5.373428923,0.008013643,0.034922271,2.096169992,TRUE,AHQT_LDvsAHQF1x_SD,,17965166,17970707,17967936.5
Migut.F01872.v2.0,1872,-0.675222645,5.924070453,0.00452611,0.022639967,2.344274921,TRUE,AHQT_LDvsAHQF1x_SD,,17976076,17978513,17977294.5
Migut.F01872.v2.0,1872,-0.713316329,5.924070453,0.003654725,0.026516661,2.437145333,TRUE,AHQT_LDvsAHQF1i_SD,,17976076,17978513,17977294.5
Migut.F01881.v2.0,1881,-0.487228735,5.711479671,0.00688882,0.031086606,2.161855153,TRUE,AHQT_LDvsAHQF1x_SD,,18016373,18019395,18017884
Migut.F01886.v2.0,1886,1.65258199,6.007882662,0.000613714,0.02131406,3.212034126,TRUE,AHQT_SDvsAHQF1i_LD,,18043518,18044596,18044057
Migut.F01887.v2.0,1887,0.967652068,6.662105387,0.000121826,0.003807363,3.914259482,TRUE,AHQT_SDvsAHQF1x_SD,,18045103,18049997,18047550
Migut.F01912.v2.0,1912,0.626741473,5.339590785,0.006799639,0.044277892,2.167514143,TRUE,AHQT_SDvsAHQF1x_LD,,18148162,18150917,18149539.5
Migut.F01946.v2.0,1946,1.145304537,4.977747419,3.35E-05,0.000486084,4.474507891,TRUE,AHQT_LDvsAHQF1x_SD,,18292689,18302408,18297548.5
Migut.F01946.v2.0,1946,0.994109936,4.977747419,0.000489181,0.006127129,3.310530848,TRUE,AHQT_LDvsAHQF1i_SD,,18292689,18302408,18297548.5
Migut.F01946.v2.0,1946,0.873069527,4.977747419,0.003109015,0.035280562,2.507377182,TRUE,AHQT_SDvsAHQF1x_SD,,18292689,18302408,18297548.5
Migut.F01947.v2.0,1947,-2.469762886,6.084717189,0.001308167,0.012564087,2.883336927,TRUE,AHQT_LDvsAHQF1i_SD,,18305223,18306580,18305901.5
Migut.F01951.v2.0,1951,-0.671442032,7.977781417,0.002852181,0.016041651,2.54482287,TRUE,AHQT_LDvsAHQF1x_SD,,18325958,18330328,18328143
Migut.F01966.v2.0,1966,-0.608255582,5.584087674,0.008080245,0.046356093,2.092575454,TRUE,AHQT_LDvsAHQF1i_SD,,18406000,18409094,18407547
Migut.F01967.v2.0,1967,0.869805829,4.732112193,0.000734844,0.009461854,3.133804748,TRUE,AHQT_SDvsAHQF1x_LD,,18444636,18448855,18446745.5
Migut.F01981.v2.0,1981,2.309996946,4.762546443,1.89E-08,2.72E-06,7.723445265,TRUE,AHQT_LDvsAHQF1i_SD,,18527144,18530171,18528657.5
Migut.F01981.v2.0,1981,2.089634814,4.762546443,2.39E-07,9.14E-06,6.620807104,TRUE,AHQT_LDvsAHQF1x_SD,,18527144,18530171,18528657.5
Migut.F01983.v2.0,1983,0.88963014,5.059994714,0.001121917,0.007783298,2.950039365,TRUE,AHQT_LDvsAHQF1x_SD,,18540543,18546631,18543587
Migut.F01994.v2.0,1994,0.68683681,5.89369862,0.008432817,0.036320743,2.074027324,TRUE,AHQT_LDvsAHQF1x_SD,,18597565,18600012,18598788.5
Migut.F01994.v2.0,1994,0.824094441,5.89369862,0.00463966,0.046478424,2.333513808,TRUE,AHQT_SDvsAHQF1x_SD,,18597565,18600012,18598788.5
Migut.F01995.v2.0,1995,1.25627155,6.457903583,7.66E-05,0.001522463,4.11565927,TRUE,AHQT_LDvsAHQF1i_SD,,18600832,18603975,18602403.5
Migut.F01995.v2.0,1995,1.002604103,6.457903583,0.001507441,0.009836049,2.821759816,TRUE,AHQT_LDvsAHQF1x_SD,,18600832,18603975,18602403.5
Migut.F02002.v2.0,2002,1.1932905,4.489653241,9.91E-06,0.000323452,5.003740538,TRUE,AHQT_LDvsAHQF1i_SD,,18665076,18670146,18667611
Migut.F02002.v2.0,2002,-1.090256271,4.489653241,0.000270035,0.004434262,3.568580081,TRUE,AHQT_SDvsAHQF1x_LD,,18665076,18670146,18667611
Migut.F02004.v2.0,2004,1.937569086,5.399830983,1.13E-09,3.31E-07,8.94673576,TRUE,AHQT_LDvsAHQF1i_SD,,18702516,18704054,18703285
Migut.F02004.v2.0,2004,1.481075123,5.399830983,2.26E-06,5.80E-05,5.646133612,TRUE,AHQT_LDvsAHQF1x_SD,,18702516,18704054,18703285
Migut.F02008.v2.0,2008,0.986656556,6.914168455,0.00968466,0.040557138,2.013915629,TRUE,AHQT_LDvsAHQF1x_SD,,18726569,18729005,18727787
Migut.F02010.v2.0,2010,0.48867226,5.157103503,0.012510712,0.048676852,1.902717972,TRUE,AHQT_LDvsAHQF1x_SD,,18739012,18742215,18740613.5
Migut.F02016.v2.0,2016,1.107109232,4.173396093,0.001365311,0.012943351,2.864768336,TRUE,AHQT_LDvsAHQF1i_SD,,18778358,18782025,18780191.5
Migut.F02018.v2.0,2018,1.125107349,6.227732949,0.000975127,0.00703797,3.010938703,TRUE,AHQT_LDvsAHQF1x_SD,,18797026,18800312,18798669
Migut.F02018.v2.0,2018,1.121778274,6.227732949,0.001138293,0.011309155,2.943745819,TRUE,AHQT_LDvsAHQF1i_SD,,18797026,18800312,18798669
Migut.F02026.v2.0,2026,3.465887475,4.307445852,1.21E-06,6.77E-05,5.918621838,TRUE,AHQT_LDvsAHQF1i_SD,,18839358,18841694,18840526
Migut.F02030.v2.0,2030,-1.322948561,6.68907386,7.35E-09,5.11E-07,8.133586975,TRUE,AHQT_LDvsAHQF1x_SD,,18865289,18870759,18868024
Migut.F02030.v2.0,2030,0.920511371,6.68907386,0.00041153,0.016839607,3.385598279,TRUE,AHQT_SDvsAHQF1i_LD,,18865289,18870759,18868024
Migut.F02030.v2.0,2030,-0.760552549,6.68907386,0.002001063,0.026194274,2.698739134,TRUE,AHQT_SDvsAHQF1x_SD,,18865289,18870759,18868024
Migut.F02050.v2.0,2050,1.600897289,4.925943954,1.23E-06,3.52E-05,5.908860119,TRUE,AHQT_LDvsAHQF1x_SD,,18993055,18997085,18995070
Migut.F02050.v2.0,2050,1.500985717,4.925943954,7.97E-06,0.00027677,5.098678886,TRUE,AHQT_LDvsAHQF1i_SD,,18993055,18997085,18995070
Migut.F02053.v2.0,2053,1.914813958,6.738515552,8.51E-13,2.28E-10,12.07024725,TRUE,AHQT_LDvsAHQF1x_SD,,19007349,19009510,19008429.5
Migut.F02053.v2.0,2053,1.353093461,6.738515552,5.53E-07,3.73E-05,6.25761577,TRUE,AHQT_LDvsAHQF1i_SD,,19007349,19009510,19008429.5
Migut.F02053.v2.0,2053,1.072425539,6.738515552,0.000179739,0.004998137,3.745357955,TRUE,AHQT_SDvsAHQF1x_SD,,19007349,19009510,19008429.5
Migut.F02056.v2.0,2056,-0.74882149,5.083834209,0.000721782,0.005527558,3.141593862,TRUE,AHQT_LDvsAHQF1x_SD,,19017717,19022120,19019918.5
Migut.F02065.v2.0,2065,1.179862483,4.166863636,1.74E-05,0.000284755,4.758783918,TRUE,AHQT_LDvsAHQF1x_SD,,19071691,19073775,19072733
Migut.F02065.v2.0,2065,-0.813360363,4.166863636,0.006407557,0.042762806,2.193307502,TRUE,AHQT_SDvsAHQF1x_LD,,19071691,19073775,19072733
Migut.F02069.v2.0,2069,-1.271161852,4.479771098,7.30E-06,0.000260061,5.136797538,TRUE,AHQT_LDvsAHQF1i_SD,,19086314,19088046,19087180
Migut.F02069.v2.0,2069,-0.834969906,4.479771098,0.002499201,0.014434677,2.602198879,TRUE,AHQT_LDvsAHQF1x_SD,,19086314,19088046,19087180
Migut.F02077.v2.0,2077,1.53384816,4.256785158,0.000276206,0.002633096,3.55876616,TRUE,AHQT_LDvsAHQF1x_SD,,19143789,19147087,19145438
Migut.F02077.v2.0,2077,1.410591987,4.256785158,0.001123266,0.011194409,2.949517281,TRUE,AHQT_LDvsAHQF1i_SD,,19143789,19147087,19145438
Migut.F02091.v2.0,2091,-7.786486944,4.404206722,3.11E-06,7.38E-05,5.507799777,TRUE,AHQT_LDvsAHQF1x_SD,,19202029,19203408,19202718.5
Migut.F02091.v2.0,2091,4.706920884,4.404206722,0.000750356,0.009572243,3.124732659,TRUE,AHQT_SDvsAHQF1x_LD,,19202029,19203408,19202718.5
Migut.F02091.v2.0,2091,4.965739141,4.404206722,0.000504811,0.01942784,3.296871041,TRUE,AHQT_SDvsAHQF1i_LD,,19202029,19203408,19202718.5
Migut.F02093.v2.0,2093,-8.149871856,4.380326453,3.10E-09,2.56E-07,8.509181895,TRUE,AHQT_LDvsAHQF1x_SD,,19225553,19226812,19226182.5
Migut.F02093.v2.0,2093,4.065539398,4.380326453,0.000494218,0.007049726,3.306081315,TRUE,AHQT_SDvsAHQF1x_LD,,19225553,19226812,19226182.5
Migut.F02093.v2.0,2093,4.290167631,4.380326453,0.00037959,0.015868833,3.420685271,TRUE,AHQT_SDvsAHQF1i_LD,,19225553,19226812,19226182.5
Migut.F02093.v2.0,2093,-3.561731053,4.380326453,0.003254688,0.036304236,2.487490625,TRUE,AHQT_SDvsAHQF1x_SD,,19225553,19226812,19226182.5
Migut.F02095.v2.0,2095,-0.886087681,4.940378104,0.001120727,0.00778063,2.95050031,TRUE,AHQT_LDvsAHQF1x_SD,,19234167,19240257,19237212
Migut.F02095.v2.0,2095,-0.94770755,4.940378104,0.001048254,0.012196367,2.979533647,TRUE,AHQT_SDvsAHQF1x_LD,,19234167,19240257,19237212
Migut.F02095.v2.0,2095,-0.867367654,4.940378104,0.003415889,0.025390855,2.466496301,TRUE,AHQT_LDvsAHQF1i_SD,,19234167,19240257,19237212
Migut.F02095.v2.0,2095,-0.92042944,4.940378104,0.001659126,0.023288058,2.780120525,TRUE,AHQT_SDvsAHQF1x_SD,,19234167,19240257,19237212
Migut.F02096.v2.0,2096,-0.782801965,4.534534697,9.03E-05,0.001069932,4.044328329,TRUE,AHQT_LDvsAHQF1x_SD,,19239763,19243571,19241667
Migut.F02096.v2.0,2096,-0.721808829,4.534534697,0.001552354,0.014223038,2.809009254,TRUE,AHQT_LDvsAHQF1i_SD,,19239763,19243571,19241667
Migut.F02099.v2.0,2099,-1.35644831,3.943634639,0.000137284,0.001494651,3.862378803,TRUE,AHQT_LDvsAHQF1x_SD,,19252957,19256140,19254548.5
Migut.F02099.v2.0,2099,-1.031730578,3.943634639,0.002072393,0.017601673,2.683527814,TRUE,AHQT_LDvsAHQF1i_SD,,19252957,19256140,19254548.5
Migut.F02102.v2.0,2102,-0.902896732,7.666204421,0.005618082,0.036073017,2.250411931,TRUE,AHQT_LDvsAHQF1i_SD,,19263697,19267049,19265373
Migut.F02108.v2.0,2108,1.612579533,3.791042167,1.02E-06,6.00E-05,5.992653104,TRUE,AHQT_LDvsAHQF1i_SD,,19278568,19279414,19278991
Migut.F02108.v2.0,2108,1.203843379,3.791042167,0.000224397,0.002206722,3.648983104,TRUE,AHQT_LDvsAHQF1x_SD,,19278568,19279414,19278991
Migut.F02108.v2.0,2108,1.131379377,3.791042167,0.000139693,0.002687273,3.854826646,TRUE,AHQT_SDvsAHQF1x_LD,,19278568,19279414,19278991
Migut.F02108.v2.0,2108,1.484666934,3.791042167,1.19E-06,0.000141653,5.925131625,TRUE,AHQT_SDvsAHQF1x_SD,,19278568,19279414,19278991
Migut.F02108.v2.0,2108,1.893674392,3.791042167,6.83E-09,1.10E-05,8.165576846,TRUE,AHQT_SDvsAHQF1i_SD,,19278568,19279414,19278991
Migut.F02109.v2.0,2109,0.747227721,5.431205476,0.005155427,0.034030044,2.287735395,TRUE,AHQT_LDvsAHQF1i_SD,,19279502,19282573,19281037.5
Migut.F02109.v2.0,2109,0.680080506,5.431205476,0.009128299,0.038714092,2.039610127,TRUE,AHQT_LDvsAHQF1x_SD,,19279502,19282573,19281037.5
Migut.F02112.v2.0,2112,1.195429326,5.098401994,1.19E-05,0.000431981,4.922866716,TRUE,AHQT_SDvsAHQF1x_LD,,19288573,19294072,19291322.5
Migut.F02112.v2.0,2112,0.661922288,5.098401994,0.007541013,0.033435977,2.122570332,TRUE,AHQT_LDvsAHQF1x_SD,,19288573,19294072,19291322.5
Migut.F02112.v2.0,2112,1.052682278,5.098401994,0.000157902,0.019579642,3.801613616,TRUE,AHQT_SDvsAHQF1i_SD,,19288573,19294072,19291322.5
Migut.F02112.v2.0,2112,1.300986504,5.098401994,1.95E-06,0.000195785,5.710791372,TRUE,AHQT_SDvsAHQF1x_SD,,19288573,19294072,19291322.5
Migut.F02113.v2.0,2113,-0.874521305,7.712681202,0.001311076,0.014274022,2.882372257,TRUE,AHQT_SDvsAHQF1x_LD,,19293786,19295705,19294745.5
Migut.F02113.v2.0,2113,-1.11128928,7.712681202,4.37E-05,0.001825293,4.35989765,TRUE,AHQT_SDvsAHQF1x_SD,,19293786,19295705,19294745.5
Migut.F02114.v2.0,2114,-1.682186678,5.447276724,7.81E-06,0.000305397,5.10728086,TRUE,AHQT_SDvsAHQF1x_LD,,19296078,19299645,19297861.5
Migut.F02114.v2.0,2114,-0.943250695,5.447276724,0.006697887,0.030381163,2.17406217,TRUE,AHQT_LDvsAHQF1x_SD,,19296078,19299645,19297861.5
Migut.F02114.v2.0,2114,-1.933611541,5.447276724,2.71E-07,4.29E-05,6.567523764,TRUE,AHQT_SDvsAHQF1x_SD,,19296078,19299645,19297861.5
Migut.F02116.v2.0,2116,1.040935475,4.119591361,0.000201774,0.005427659,3.69513522,TRUE,AHQT_SDvsAHQF1x_SD,,19301299,19305216,19303257.5
Migut.F02117.v2.0,2117,-0.94026521,5.570013581,0.000981184,0.007076396,3.008249529,TRUE,AHQT_LDvsAHQF1x_SD,,19306194,19309950,19308072
Migut.F02117.v2.0,2117,-1.052474423,5.570013581,0.000534794,0.011357653,3.271813175,TRUE,AHQT_SDvsAHQF1x_SD,,19306194,19309950,19308072
Migut.F02121.v2.0,2121,-0.507373793,6.676371188,0.012251561,0.047803362,1.911808586,TRUE,AHQT_LDvsAHQF1x_SD,,19316711,19320140,19318425.5
Migut.F02140.v2.0,2140,-1.015180617,4.970351199,0.000752488,0.00850998,3.123500591,TRUE,AHQT_LDvsAHQF1i_SD,,19411566,19413544,19412555
Migut.F02140.v2.0,2140,-0.758879318,4.970351199,0.007810403,0.034282917,2.107326554,TRUE,AHQT_LDvsAHQF1x_SD,,19411566,19413544,19412555
Migut.F00045.v2.0,,-2.213259684,4.803703293,2.62E-10,6.49E-08,9.581688955,TRUE,AHQT_LDvsAHQN_LD,,219774,222680,221227
Migut.F01276.v2.0,,-2.740104875,6.709769192,4.26E-09,6.74E-07,8.371048519,TRUE,AHQT_LDvsAHQN_LD,,6847942,6852398,6850170
Migut.F00307.v2.0,,-0.980220978,6.28950359,1.44E-08,1.92E-06,7.843127263,TRUE,AHQT_LDvsAHQN_LD,,1442383,1446445,1444414
Migut.F01956.v2.0,,-2.043674973,5.110152791,1.98E-08,2.46E-06,7.702624009,TRUE,AHQT_LDvsAHQN_LD,,18361984,18368525,18365254.5
Migut.F02114.v2.0,,-1.867263146,5.447276724,6.77E-08,7.02E-06,7.169732046,TRUE,AHQT_LDvsAHQN_LD,,19296078,19299645,19297861.5
Migut.F01886.v2.0,,2.165469996,6.007882662,1.07E-06,7.08E-05,5.969638208,TRUE,AHQT_LDvsAHQN_LD,,18043518,18044596,18044057
Migut.F00579.v2.0,,-1.067669041,4.858833686,1.08E-06,7.08E-05,5.966637854,TRUE,AHQT_LDvsAHQN_LD,,2695981,2700571,2698276
Migut.F00486.v2.0,,-1.037522437,4.825386819,1.91E-06,0.000112525,5.71874947,TRUE,AHQT_LDvsAHQN_LD,,2268240,2278662,2273451
Migut.F01882.v2.0,,-1.310442797,5.026335111,4.08E-06,0.000203979,5.389700295,TRUE,AHQT_LDvsAHQN_LD,,18021531,18025063,18023297
Migut.F00144.v2.0,,-2.204304557,7.250011296,6.97E-06,0.000318491,5.156515832,TRUE,AHQT_LDvsAHQN_LD,,662000,664725,663362.5
Migut.F01344.v2.0,,-3.056155434,3.680853708,9.52E-06,0.000407997,5.021257409,TRUE,AHQT_LDvsAHQN_LD,,8155744,8156311,8156027.5
Migut.F02026.v2.0,,3.564823356,4.307445852,9.87E-06,0.000417957,5.005775923,TRUE,AHQT_LDvsAHQN_LD,,18839358,18841694,18840526
Migut.F02117.v2.0,,-1.290726908,5.570013581,1.34E-05,0.000530051,4.871358293,TRUE,AHQT_LDvsAHQN_LD,,19306194,19309950,19308072
Migut.F02093.v2.0,,5.048035343,4.380326453,1.58E-05,0.000604159,4.802290611,TRUE,AHQT_LDvsAHQN_LD,,19225553,19226812,19226182.5
Migut.F01772.v2.0,,-0.928497454,5.094469145,1.75E-05,0.000660559,4.756690617,TRUE,AHQT_LDvsAHQN_LD,,17302283,17307635,17304959
Migut.F01880.v2.0,,-1.364331562,4.421273333,2.69E-05,0.000926582,4.570800285,TRUE,AHQT_LDvsAHQN_LD,,18014485,18015597,18015041
Migut.F02049.v2.0,,-1.081375399,5.773111705,4.89E-05,0.00149077,4.310372425,TRUE,AHQT_LDvsAHQN_LD,,18966183,18990262,18978222.5
Migut.F01981.v2.0,,-1.635048806,4.762546443,6.00E-05,0.001734073,4.222028456,TRUE,AHQT_LDvsAHQN_LD,,18527144,18530171,18528657.5
Migut.F02091.v2.0,,5.796361246,4.404206722,6.95E-05,0.001916716,4.15821653,TRUE,AHQT_LDvsAHQN_LD,,19202029,19203408,19202718.5
Migut.F02112.v2.0,,1.028600461,5.098401994,7.01E-05,0.001927657,4.154505294,TRUE,AHQT_LDvsAHQN_LD,,19288573,19294072,19291322.5
Migut.F00167.v2.0,,1.482246224,5.713559322,9.11E-05,0.002359313,4.040347859,TRUE,AHQT_LDvsAHQN_LD,,749930,752170,751050
Migut.F00509.v2.0,,2.352312268,5.500168522,9.82E-05,0.002495336,4.007929685,TRUE,AHQT_LDvsAHQN_LD,,2400896,2402725,2401810.5
Migut.F00296.v2.0,,0.80541564,5.637441217,0.000103614,0.002596732,3.984581305,TRUE,AHQT_LDvsAHQN_LD,,1404960,1407303,1406131.5
Migut.F00073.v2.0,,-1.630571188,4.738683824,0.000121679,0.002989963,3.914783837,TRUE,AHQT_LDvsAHQN_LD,,383067,386684,384875.5
Migut.F01004.v2.0,,1.621660452,4.8683235,0.000178909,0.003953613,3.747366652,TRUE,AHQT_LDvsAHQN_LD,,4805461,4809068,4807264.5
Migut.F02102.v2.0,,1.224624387,7.666204421,0.000189386,0.004091509,3.722651149,TRUE,AHQT_LDvsAHQN_LD,,19263697,19267049,19265373
Migut.F02108.v2.0,,1.002616638,3.791042167,0.000236399,0.004793562,3.626354303,TRUE,AHQT_LDvsAHQN_LD,,19278568,19279414,19278991
Migut.F02065.v2.0,,-1.021888466,4.166863636,0.000255273,0.005051581,3.592995086,TRUE,AHQT_LDvsAHQN_LD,,19071691,19073775,19072733
Migut.F00583.v2.0,,-1.235800079,5.414542781,0.000284004,0.005474302,3.54667575,TRUE,AHQT_LDvsAHQN_LD,,2716920,2720631,2718775.5
Migut.F00726.v2.0,,0.941452018,5.523081878,0.000296378,0.005635456,3.528154272,TRUE,AHQT_LDvsAHQN_LD,,3435967,3436446,3436206.5
Migut.F01947.v2.0,,-2.566987874,6.084717189,0.000307681,0.005814631,3.51189914,TRUE,AHQT_LDvsAHQN_LD,,18305223,18306580,18305901.5
Migut.F00567.v2.0,,-0.929474853,5.2999254,0.0003216,0.006028933,3.492683981,TRUE,AHQT_LDvsAHQN_LD,,2637993,2648821,2643407
Migut.F02095.v2.0,,-0.949720806,4.940378104,0.000356802,0.006513495,3.447572484,TRUE,AHQT_LDvsAHQN_LD,,19234167,19240257,19237212
Migut.F00135.v2.0,,-0.990766812,7.88376916,0.000407729,0.007237932,3.389628829,TRUE,AHQT_LDvsAHQN_LD,,619927,623095,621511
Migut.F02099.v2.0,,1.390757563,3.943634639,0.000446446,0.007824559,3.350230752,TRUE,AHQT_LDvsAHQN_LD,,19252957,19256140,19254548.5
Migut.F01432.v2.0,,-1.02498233,4.572131273,0.000451772,0.007860824,3.345081162,TRUE,AHQT_LDvsAHQN_LD,,11877167,11879971,11878569
Migut.F00558.v2.0,,-1.100126041,5.869616146,0.000458736,0.007924895,3.338436907,TRUE,AHQT_LDvsAHQN_LD,,2595547,2600693,2598120
Migut.F00973.v2.0,,1.007931668,4.242787556,0.000507923,0.008442356,3.294202414,TRUE,AHQT_LDvsAHQN_LD,,4678851,4682904,4680877.5
Migut.F01815.v2.0,,-0.921691158,7.477686939,0.000576236,0.009265432,3.239399331,TRUE,AHQT_LDvsAHQN_LD,,17584090,17586983,17585536.5
Migut.F01049.v2.0,,-0.689220351,6.713794934,0.000651992,0.010122653,3.185757487,TRUE,AHQT_LDvsAHQN_LD,,5054659,5057388,5056023.5
Migut.F00771.v2.0,,0.873941006,5.10795092,0.000656767,0.010180411,3.182588869,TRUE,AHQT_LDvsAHQN_LD,,3683523,3684671,3684097
Migut.F00151.v2.0,,0.934634307,6.035683189,0.00069736,0.010588686,3.156543053,TRUE,AHQT_LDvsAHQN_LD,,678291,679324,678807.5
Migut.F01684.v2.0,,-0.698498539,5.231567663,0.000829704,0.012195518,3.081076596,TRUE,AHQT_LDvsAHQN_LD,,16665118,16673097,16669107.5
Migut.F00541.v2.0,,-0.820323653,4.354446026,0.00086164,0.012588288,3.064674113,TRUE,AHQT_LDvsAHQN_LD,,2539255,2541035,2540145
Migut.F01427.v2.0,,-0.837343084,5.420539512,0.000887938,0.012779157,3.051617519,TRUE,AHQT_LDvsAHQN_LD,,11713255,11718453,11715854
Migut.F02140.v2.0,,-0.899121647,4.970351199,0.00090342,0.012963342,3.044110189,TRUE,AHQT_LDvsAHQN_LD,,19411566,19413544,19412555
Migut.F00411.v2.0,,1.218102663,5.82829959,0.000939897,0.013231176,3.026919673,TRUE,AHQT_LDvsAHQN_LD,,1906544,1909864,1908204
Migut.F00162.v2.0,,-1.145234386,5.271612325,0.001007231,0.014056109,2.996871017,TRUE,AHQT_LDvsAHQN_LD,,728487,734937,731712
Migut.F00553.v2.0,,0.743509395,6.477028658,0.001043169,0.014320264,2.981645353,TRUE,AHQT_LDvsAHQN_LD,,2578969,2581111,2580040
Migut.F00062.v2.0,,-1.479073871,4.7502843,0.001043954,0.014320264,2.981318548,TRUE,AHQT_LDvsAHQN_LD,,343192,345115,344153.5
Migut.F01086.v2.0,,-1.091803282,5.251911392,0.001096599,0.014769672,2.959952229,TRUE,AHQT_LDvsAHQN_LD,,5270935,5273141,5272038
Migut.F00384.v2.0,,-0.771853529,5.806238471,0.001131899,0.015118608,2.946192135,TRUE,AHQT_LDvsAHQN_LD,,1791791,1796080,1793935.5
Migut.F00228.v2.0,,-0.954510248,6.668005743,0.001296167,0.016639315,2.887338941,TRUE,AHQT_LDvsAHQN_LD,,1079773,1090510,1085141.5
Migut.F00689.v2.0,,3.039664601,4.723652983,0.001428007,0.017839922,2.84526978,TRUE,AHQT_LDvsAHQN_LD,,3247822,3249297,3248559.5
Migut.F02018.v2.0,,-1.094603516,6.227732949,0.001445939,0.017970958,2.839849978,TRUE,AHQT_LDvsAHQN_LD,,18797026,18800312,18798669
Migut.F01798.v2.0,,0.652583515,4.298506341,0.001624303,0.019365301,2.789332958,TRUE,AHQT_LDvsAHQN_LD,,17503526,17505547,17504536.5
Migut.F02048.v2.0,,-0.729081693,5.924358889,0.001931991,0.021975544,2.713994913,TRUE,AHQT_LDvsAHQN_LD,,18959124,18965885,18962504.5
Migut.F00470.v2.0,,0.858864221,5.315910035,0.002216426,0.024630638,2.654346789,TRUE,AHQT_LDvsAHQN_LD,,2174810,2177137,2175973.5
Migut.F00016.v2.0,,-0.825215351,4.62765081,0.002352567,0.02573265,2.628457986,TRUE,AHQT_LDvsAHQN_LD,,99778,102002,100890
Migut.F00418.v2.0,,-0.623612375,5.609585363,0.002387571,0.02595234,2.622043719,TRUE,AHQT_LDvsAHQN_LD,,1950062,1956074,1953068
Migut.F01727.v2.0,,0.741740565,5.508356327,0.002504056,0.02692836,2.601355991,TRUE,AHQT_LDvsAHQN_LD,,17022407,17024084,17023245.5
Migut.F00020.v2.0,,-0.616727152,7.680949037,0.002621902,0.027885138,2.581383581,TRUE,AHQT_LDvsAHQN_LD,,123911,127458,125684.5
Migut.F02068.v2.0,,-1.213789346,3.965256044,0.002699212,0.02848775,2.568762989,TRUE,AHQT_LDvsAHQN_LD,,19082683,19085181,19083932
Migut.F00374.v2.0,,-0.886452794,4.484951259,0.002982756,0.030610495,2.525382259,TRUE,AHQT_LDvsAHQN_LD,,1741575,1743616,1742595.5
Migut.F00703.v2.0,,0.918378162,4.985127457,0.003147168,0.031757788,2.502080048,TRUE,AHQT_LDvsAHQN_LD,,3303839,3308850,3306344.5
Migut.F01268.v2.0,,0.528197649,6.480034989,0.003319529,0.032844967,2.478923584,TRUE,AHQT_LDvsAHQN_LD,,6731600,6735723,6733661.5
Migut.F01013.v2.0,,-0.676054542,5.030032375,0.003778759,0.036309928,2.422650786,TRUE,AHQT_LDvsAHQN_LD,,4860367,4863218,4861792.5
Migut.F00987.v2.0,,0.897164689,4.761043929,0.00379194,0.036400362,2.42113855,TRUE,AHQT_LDvsAHQN_LD,,4723324,4726682,4725003
Migut.F00053.v2.0,,1.624839746,3.558015582,0.004019068,0.037870689,2.395874625,TRUE,AHQT_LDvsAHQN_LD,,291017,291819,291418
Migut.F00648.v2.0,,1.236622137,4.431453282,0.004107715,0.038512816,2.386399735,TRUE,AHQT_LDvsAHQN_LD,,3011157,3012259,3011708
Migut.F00195.v2.0,,-0.710079865,5.790945934,0.004168235,0.038799344,2.380047835,TRUE,AHQT_LDvsAHQN_LD,,906461,911216,908838.5
Migut.F01272.v2.0,,-0.719029022,7.561936722,0.004475082,0.040731258,2.349199023,TRUE,AHQT_LDvsAHQN_LD,,6763450,6764242,6763846
Migut.F00399.v2.0,,-1.210732004,5.289645358,0.004533721,0.041187343,2.343545187,TRUE,AHQT_LDvsAHQN_LD,,1853473,1855312,1854392.5
Migut.F00324.v2.0,,-0.854374917,4.91537207,0.004654014,0.041946224,2.332172284,TRUE,AHQT_LDvsAHQN_LD,,1519041,1520270,1519655.5
Migut.F01753.v2.0,,-0.984146627,5.930303555,0.004660692,0.041946224,2.331549639,TRUE,AHQT_LDvsAHQN_LD,,17173116,17176002,17174559
Migut.F00085.v2.0,,0.560170034,5.989811635,0.004775355,0.042778855,2.320994311,TRUE,AHQT_LDvsAHQN_LD,,431366,432692,432029
Migut.F00168.v2.0,,0.590666253,6.982792332,0.004873186,0.043413617,2.312186978,TRUE,AHQT_LDvsAHQN_LD,,754125,758539,756332
Migut.F01116.v2.0,,0.552100867,4.33623475,0.00511843,0.045058049,2.290863223,TRUE,AHQT_LDvsAHQN_LD,,5416724,5420844,5418784
Migut.F00190.v2.0,,-0.738286751,5.447836352,0.005273287,0.046085192,2.277918551,TRUE,AHQT_LDvsAHQN_LD,,891210,895865,893537.5
Migut.F01095.v2.0,,1.263274223,5.126210812,0.005366887,0.046566062,2.270277557,TRUE,AHQT_LDvsAHQN_LD,,5315124,5317861,5316492.5
Migut.F01245.v2.0,,-1.406317274,6.376349108,0.005694187,0.048635265,2.244568256,TRUE,AHQT_LDvsAHQN_LD,,6489531,6491879,6490705
Migut.F00308.v2.0,,0.64394457,6.306786138,0.005968874,0.049949236,2.22410757,TRUE,AHQT_LDvsAHQN_LD,,1451386,1454025,1452705.5